linear_a_signs	linear_a_ipa	matched_word	score	top3_matches	ipa_length
a-a-di-k	aadik	ukkubati	-11.1217	ukkubati (-11.12); ʃudaba (-13.71); uri (-13.73)	5
a-a-di-ki	aadiki	ukkubati	-14.2097	ukkubati (-14.21); ʃudaba (-17.16); uri (-17.20)	6
a-a-di-ki-t	aadikit	abebe	-15.3452	abebe (-15.35); ukkubati (-15.57); abba (-17.32)	7
a-a-di-ki-te	aadikite	abebe	-18.8419	abebe (-18.84); ukkubati (-18.96); abba (-20.82)	8
a-a-di-ki-te-s	aadikites	ukkubati	-20.9787	ukkubati (-20.98); abebe (-22.34); uriʃ (-23.32)	9
a-a-di-ki-te-si	aadikitesi	ukkubati	-23.9129	ukkubati (-23.91); abebe (-25.62); ra-u-ba-sa (-26.23)	10
a-da-da	adada	ukku	-12.3613	ukku (-12.36); ɡuɡu (-15.23); kutu (-15.23)	5
a-da-da-u	adadau	ukku	-15.8659	ukku (-15.87); tuuʃ (-18.34); uri (-18.66)	6
a-da-da-u-t	adadaut	ukku	-19.3696	ukku (-19.37); uri (-19.96); unra (-20.02)	7
a-da-da-u-ti	adadauti	ukku	-22.8724	ukku (-22.87); uri (-23.44); unra (-23.52)	8
a-da-da-u-ti-n	adadautin	huel	-23.8783	huel (-23.88); purur (-25.65); ʃutur (-25.67)	9
a-da-da-u-ti-nu	adadautinu	huel	-27.3854	huel (-27.39); purur (-29.14); ʃutur (-29.18)	10
a-da-u-t	adaut	uri	-13.7302	uri (-13.73); unra (-13.82); ukku (-13.96)	5
a-da-u-ti	adauti	uri	-17.2006	uri (-17.20); unra (-17.32); ukku (-17.46)	6
a-da-u-ti-n	adautin	huel	-17.7639	huel (-17.76); eul (-19.73); pur (-19.88)	7
a-da-u-ti-nu	adautinu	huel	-21.271	huel (-21.27); unra (-22.97); uri (-23.05)	8
a-da-u-ti-nu-i	adautinui	huel	-24.7781	huel (-24.78); abba (-25.76); ibbak (-25.86)	9
a-da-u-ti-nu-i-n	adautinuin	unra	-27.4632	unra (-27.46); huel (-27.59); kunnir (-28.59)	10
a-da-wa	adawa	dudu	-10.0596	dudu (-10.06); ɡuɡu (-10.06); ukku (-12.79)	5
a-da-wa-i	adawai	ɡuɡu	-13.5559	ɡuɡu (-13.56); dudu (-13.56); ukku (-16.29)	6
a-da-wa-i-j	adawaij	dudu	-17.052	dudu (-17.05); ɡuɡu (-17.05); ukku (-19.79)	7
a-da-wa-i-ja	adawaija	ɡuɡu	-19.6522	ɡuɡu (-19.65); dudu (-19.65); ukku (-22.32)	8
a-di-ki	adiki	ukkubati	-12.0894	ukkubati (-12.09); abba (-14.08); abebe (-14.09)	5
a-di-ki-t	adikit	abebe	-12.1182	abebe (-12.12); ukkubati (-13.44); abba (-14.06)	6
a-di-ki-te	adikite	abebe	-15.6125	abebe (-15.61); ukkubati (-16.84); abba (-17.56)	7
a-di-ki-te-s	adikites	ukkubati	-18.8512	ukkubati (-18.85); abebe (-19.11); uriʃ (-20.33)	8
a-di-ki-te-si	adikitesi	ukkubati	-21.7849	ukkubati (-21.78); abebe (-22.33); uriʃ (-23.84)	9
a-di-ki-te-si-r	adikitesir	ukkubati	-24.9301	ukkubati (-24.93); abebe (-25.61); uriʃ (-27.35)	10
a-di-ki-te-t	adikitet	abebe	-18.3454	abebe (-18.35); ukkubati (-19.05); abba (-20.32)	8
a-di-ki-te-te	adikitete	abebe	-21.8424	abebe (-21.84); ukkubati (-22.50); abba (-23.83)	9
a-di-ki-te-te-r	adikiteter	abebe	-25.3392	abebe (-25.34); ukkubati (-25.96); abba (-27.33)	10
a-di-ki-tu	adikitu	abebe	-15.6125	abebe (-15.61); ukkubati (-16.84); abba (-17.56)	7
a-di-ki-tu-j	adikituj	abebe	-19.1067	abebe (-19.11); ukkubati (-20.24); abba (-21.05)	8
a-di-ki-tu-ja	adikituja	bau	-22.0052	bau (-22.01); abebe (-22.60); ukkubati (-23.65)	9
a-di-ki-tu-ja-s	adikitujas	bau	-25.5114	bau (-25.51); ukkubati (-25.81); abebe (-26.09)	10
a-e-a-di	aeadi	ukku	-13.5573	ukku (-13.56); uri (-15.86); bau (-16.20)	5
a-e-a-di-k	aeadik	ukkubati	-14.2109	ukkubati (-14.21); ʃudaba (-16.87); ukku (-17.06)	6
a-e-a-di-ki	aeadiki	ukkubati	-17.299	ukkubati (-17.30); ʃudaba (-20.32); abebe (-20.55)	7
a-e-a-di-ki-t	aeadikit	abebe	-18.6339	abebe (-18.63); ukkubati (-18.66); abba (-20.62)	8
a-e-a-di-ki-te	aeadikite	ukkubati	-22.0495	ukkubati (-22.05); abebe (-22.13); abba (-24.12)	9
a-e-a-di-ki-te-t	aeadikitet	ukkubati	-24.2628	ukkubati (-24.26); abebe (-24.90); ra-u-ba-sa (-25.78)	10
a-i-da-a	aidaa	ukku	-12.7868	ukku (-12.79); bau (-12.85); buni (-12.88)	5
a-i-da-a-u	aidaau	buni	-15.9653	buni (-15.97); ukku (-16.29); bau (-16.34)	6
a-i-da-j	aidaj	buni	-13.0526	buni (-13.05); bau (-13.49); ukku (-13.56)	5
a-i-da-ja	aidaja	ukku	-16.0779	ukku (-16.08); buni (-16.08); bau (-16.20)	6
a-i-da-ja-s	aidajas	tuuʃ	-16.304	tuuʃ (-16.30); uriʃ (-19.01); buni (-19.26)	7
a-i-na-j	ainaj	muru	-11.7788	muru (-11.78); unra (-13.50); uri (-13.55)	5
a-i-na-ja	ainaja	ruku	-14.4925	ruku (-14.49); muru (-14.59); bau (-16.35)	6
a-i-na-ja-r	ainajar	rum	-15.114	rum (-15.11); ruku (-17.95); muru (-18.10)	7
a-i-na-ja-re	ainajare	rum	-18.6194	rum (-18.62); numi (-21.27); ruku (-21.41)	8
a-i-na-ja-re-t	ainajaret	numi	-19.9933	numi (-19.99); rum (-22.12); uri (-23.08)	9
a-i-na-ja-re-ta	ainajareta	numi	-23.4974	numi (-23.50); rum (-25.63); bau (-26.57)	10
a-i-nwa	ainwa	hindu	-10.4262	hindu (-10.43); mardu (-10.43); rapdu (-11.16)	5
a-i-nwa-z	ainwaz	uri	-12.5777	uri (-12.58); mardu (-13.93); hindu (-13.93)	6
a-i-nwa-za	ainwaza	bau	-16.0724	bau (-16.07); uri (-16.08); hindu (-16.75)	7
a-i-nwa-za-*56	ainwazaΦ	rum	-18.6202	rum (-18.62); bau (-19.58); uri (-19.59)	8
a-i-nwa-za-*56-n	ainwazaΦn	purur	-21.5989	purur (-21.60); rum (-22.13); nan (-22.40)	9
a-i-nwa-za-*56-ni	ainwazaΦni	purur	-25.1058	purur (-25.11); rum (-25.63); ruelpa (-25.85)	10
a-i-*301-ti	aiΘti	bera	-13.9638	bera (-13.96); bali (-13.96); bela (-13.96)	5
a-i-*301-ti-j	aiΘtij	bali	-17.2347	bali (-17.23); bela (-17.23); bera (-17.23)	6
a-i-*301-ti-ja	aiΘtija	bau	-16.0739	bau (-16.07); abebe (-20.44); ukku (-20.51)	7
a-i-*301-ti-ja-s	aiΘtijas	bau	-19.5798	bau (-19.58); tiut (-21.54); uriʃ (-21.67)	8
a-i-*301-ti-ja-sa	aiΘtijasa	bau	-22.3922	bau (-22.39); ʃutu (-23.78); kutu (-23.80)	9
a-i-*301-ti-ja-sa-s	aiΘtijasas	bau	-25.8993	bau (-25.90); tuuʃ (-26.68); ʃutu (-27.07)	10
a-i-*301-u-j	aiΘuj	bau	-16.071	bau (-16.07); uri (-16.53); buni (-17.87)	5
a-i-*301-u-ja	aiΘuja	bau	-16.73	bau (-16.73); ukku (-17.20); buni (-18.14)	6
a-i-*301-u-t	aiΘut	bera	-13.9572	bera (-13.96); bali (-13.96); bela (-13.96)	5
a-i-*301-u-ti	aiΘuti	bela	-17.2363	bela (-17.24); bera (-17.24); bali (-17.24)	6
a-i-*301-u-ti-n	aiΘutin	bera	-18.7249	bera (-18.72); bali (-18.72); bela (-18.72)	7
a-i-*301-u-ti-nu	aiΘutinu	bela	-21.608	bela (-21.61); bali (-21.61); bera (-21.61)	8
a-i-*301-u-ti-nu-j	aiΘutinuj	bera	-24.734	bera (-24.73); bela (-24.73); bali (-24.73)	9
a-i-*301-u-ti-nu-ja	aiΘutinuja	bau	-26.5753	bau (-26.58); bera (-27.97); bali (-27.97)	10
a-i-*301-wa	aiΘwa	dudu	-11.6243	dudu (-11.62); ɡuɡu (-11.62); bau (-13.50)	5
a-i-*301-wa-e	aiΘwae	dudu	-15.0836	dudu (-15.08); ɡuɡu (-15.08); bau (-16.99)	6
a-i-*301-wa-e-a	aiΘwaea	dudu	-17.3307	dudu (-17.33); ɡuɡu (-17.33); bau (-19.57)	7
a-i-*301-wa-e-a-d	aiΘwaead	dudu	-20.0727	dudu (-20.07); ɡuɡu (-20.07); bau (-22.54)	8
a-i-*301-wa-e-a-di	aiΘwaeadi	dudu	-23.5619	dudu (-23.56); ɡuɡu (-23.56); du ka (-25.38)	9
a-i-*301-wa-e-a-di-k	aiΘwaeadik	du ka	-26.3794	du ka (-26.38); ukkubati (-26.86); dudu (-27.05)	10
a-i-*301-wa-j	aiΘwaj	dudu	-15.0836	dudu (-15.08); ɡuɡu (-15.08); bau (-16.99)	6
a-i-*301-wa-ja	aiΘwaja	dudu	-17.3307	dudu (-17.33); ɡuɡu (-17.33); bau (-19.57)	7
a-i-*301-wa-ja-a	aiΘwajaa	dudu	-20.0727	dudu (-20.07); ɡuɡu (-20.07); bau (-22.54)	8
a-i-*301-wa-ja-a-d	aiΘwajaad	ɡuɡu	-22.9751	ɡuɡu (-22.98); dudu (-22.98); du ka (-25.38)	9
a-i-*301-wa-ja-a-di	aiΘwajaadi	dudu	-26.4693	dudu (-26.47); ɡuɡu (-26.47); du ka (-28.31)	10
a-i-*301-wa-ja-a-j	aiΘwajaaj	dudu	-23.5619	dudu (-23.56); ɡuɡu (-23.56); du ka (-25.38)	9
a-i-*301-wa-ja-a-ja	aiΘwajaaja	ɡuɡu	-26.3266	ɡuɡu (-26.33); dudu (-26.33); du ka (-28.35)	10
a-i-*301-wa-ja-j	aiΘwajaj	ɡuɡu	-20.8119	ɡuɡu (-20.81); dudu (-20.81); du ka (-22.57)	8
a-i-*301-wa-ja-ja	aiΘwajaja	ɡuɡu	-23.3909	ɡuɡu (-23.39); dudu (-23.39); du ka (-25.46)	9
a-i-*301-wa-ja-ja-a	aiΘwajajaa	ɡuɡu	-26.2832	ɡuɡu (-26.28); dudu (-26.28); du ka (-28.43)	10
a-i-*301-wa-ja-ja-d	aiΘwajajad	ɡuɡu	-26.2832	ɡuɡu (-26.28); dudu (-26.28); du ka (-28.43)	10
a-i-*301-wa-ja-ja-i	aiΘwajajai	dudu	-26.8831	dudu (-26.88); ɡuɡu (-26.88); du ka (-28.44)	10
a-i-*301-wa-ja-ja-j	aiΘwajajaj	ɡuɡu	-26.8831	ɡuɡu (-26.88); dudu (-26.88); du ka (-28.44)	10
a-i-*301-wa-ja-ja-s	aiΘwajajas	tuuʃ	-26.3868	tuuʃ (-26.39); duraʃ (-26.47); dumaʃ (-26.47)	10
a-i-*301-wa-ja-s	aiΘwajas	duraʃ	-20.2829	duraʃ (-20.28); dumaʃ (-20.28); tuuʃ (-20.39)	8
a-i-*301-wa-ja-se	aiΘwajase	duraʃ	-23.7875	duraʃ (-23.79); dumaʃ (-23.79); tuuʃ (-23.89)	9
a-i-*301-wa-ja-se-k	aiΘwajasek	du ka	-26.495	du ka (-26.50); dumaʃ (-27.28); duraʃ (-27.28)	10
a-i-*301-wa-ja-t	aiΘwajat	du ka	-20.6692	du ka (-20.67); dudu (-20.81); ɡuɡu (-20.81)	8
a-i-*301-wa-ja-tu	aiΘwajatu	du ka	-24.0568	du ka (-24.06); dudu (-24.29); ɡuɡu (-24.29)	9
a-i-*301-wa-ja-tu-r	aiΘwajatur	du ka	-27.4227	du ka (-27.42); dudu (-27.77); ɡuɡu (-27.77)	10
a-ja-a-d	ajaad	ukku	-12.7868	ukku (-12.79); ʃutu (-15.64); dudu (-15.64)	5
a-ja-a-di	ajaadi	ukku	-16.2909	ukku (-16.29); tuuʃ (-18.84); uri (-18.95)	6
a-ja-a-di-k	ajaadik	ukkubati	-16.9416	ukkubati (-16.94); ʃudaba (-19.72); ukku (-19.79)	7
a-ja-a-di-ki	ajaadiki	ukkubati	-20.03	ukkubati (-20.03); ra-u-ba-sa (-22.73); ʃudaba (-23.18)	8
a-ja-a-di-ki-t	ajaadikit	ukkubati	-21.3877	ukkubati (-21.39); abebe (-21.96); ra-u-ba-sa (-23.34)	9
a-ja-a-di-ki-te	ajaadikite	ukkubati	-24.7814	ukkubati (-24.78); abebe (-25.46); ra-u-ba-sa (-26.48)	10
a-ja-a-j	ajaaj	ukku	-13.5573	ukku (-13.56); uri (-15.86); tuuʃ (-16.34)	5
a-ja-a-ja	ajaaja	ukku	-16.0779	ukku (-16.08); ʃutu (-18.85); muru (-18.85)	6
a-ja-di	ajadi	ukku	-13.5573	ukku (-13.56); uri (-15.86); bau (-16.20)	5
a-ja-di-k	ajadik	ukkubati	-14.2109	ukkubati (-14.21); ʃudaba (-16.87); ukku (-17.06)	6
a-ja-di-ki	ajadiki	ukkubati	-17.299	ukkubati (-17.30); ʃudaba (-20.32); abebe (-20.55)	7
a-ja-di-ki-t	ajadikit	abebe	-18.6339	abebe (-18.63); ukkubati (-18.66); abba (-20.62)	8
a-ja-di-ki-tu	ajadikitu	ukkubati	-22.0495	ukkubati (-22.05); abebe (-22.13); abba (-24.12)	9
a-ja-di-ki-tu-j	ajadikituj	ukkubati	-25.4518	ukkubati (-25.45); abebe (-25.63); ra-u-ba-sa (-27.36)	10
a-ja-i-n	ajain	pur	-13.2714	pur (-13.27); eul (-13.27); hun (-13.27)	5
a-ja-i-n-w	ajainw	unra	-16.7006	unra (-16.70); uri (-16.76); mur (-16.78)	6
a-ja-i-nwa	ajainwa	mardu	-16.7279	mardu (-16.73); hindu (-16.73); dudu (-17.42)	7
a-ja-i-nwa-z	ajainwaz	uri	-18.9013	uri (-18.90); mardu (-20.23); hindu (-20.23)	8
a-ja-i-nwa-za	ajainwaza	uri	-22.4057	uri (-22.41); mardu (-23.05); hindu (-23.05)	9
a-ja-i-nwa-za-*56	ajainwazaΦ	rum	-25.6333	rum (-25.63); uri (-25.91); dabarrium (-26.32)	10
a-ja-ja	ajaja	ukku	-13.2644	ukku (-13.26); uri (-15.96); puhu (-16.20)	5
a-ja-ja-a	ajajaa	ukku	-16.0147	ukku (-16.01); ʃutu (-18.81); tuku (-18.81)	6
a-ja-ja-d	ajajad	ukku	-16.0147	ukku (-16.01); ʃutu (-18.81); tuku (-18.81)	6
a-ja-ja-di	ajajadi	ukku	-19.5193	ukku (-19.52); ukkubati (-22.23); tuuʃ (-22.24)	7
a-ja-ja-di-k	ajajadik	ukkubati	-20.169	ukkubati (-20.17); ʃudaba (-22.99); ukku (-23.02)	8
a-ja-ja-di-ki	ajajadiki	ukkubati	-23.2576	ukkubati (-23.26); ra-u-ba-sa (-25.66); ʃudaba (-26.44)	9
a-ja-ja-di-ki-t	ajajadikit	ukkubati	-24.6156	ukkubati (-24.62); abebe (-25.32); ra-u-ba-sa (-26.27)	10
a-ja-ja-i	ajajai	ukku	-16.7672	ukku (-16.77); uri (-19.17); ukkubati (-19.49)	6
a-ja-ja-i-n	ajajain	utstsun	-19.4767	utstsun (-19.48); kun (-19.50); pur (-19.50)	7
a-ja-ja-i-n-w	ajajainw	utstsun	-22.9837	utstsun (-22.98); mur (-23.00); eul (-23.00)	8
a-ja-ja-i-nwa	ajajainwa	mardu	-23.3129	mardu (-23.31); hindu (-23.31); dudu (-23.67)	9
a-ja-ja-i-nwa-z	ajajainwaz	uri	-25.5116	uri (-25.51); hindu (-26.82); mardu (-26.82)	10
a-ja-ja-j	ajajaj	ukku	-16.7672	ukku (-16.77); uri (-19.17); ɡuɡu (-19.67)	6
a-ja-ja-ja	ajajaja	ukku	-19.3514	ukku (-19.35); kutu (-22.07); tuku (-22.07)	7
a-ja-ja-s	ajajas	tuuʃ	-13.7231	tuuʃ (-13.72); uriʃ (-15.95); tiut (-16.32)	6
a-ja-ja-sa	ajajasa	ʃutu	-16.6717	ʃutu (-16.67); kutu (-16.68); tuuʃ (-17.22)	7
a-ja-ja-sa-s	ajajasas	tuuʃ	-19.226	tuuʃ (-19.23); ʃutu (-19.98); kutu (-20.19)	8
a-ja-ja-sa-sa	ajajasasa	ʃutu	-18.8864	ʃutu (-18.89); ʃutur (-22.27); kutu (-22.38)	9
a-ja-ja-sa-sa-r	ajajasasar	ʃutu	-22.3926	ʃutu (-22.39); ʃutur (-25.11); maʃuum (-25.27)	10
a-ja-ja-w	ajajaw	ukku	-16.7672	ukku (-16.77); dudu (-18.89); ɡuɡu (-18.89)	6
a-ja-ja-wa	ajajawa	dudu	-16.6717	dudu (-16.67); ɡuɡu (-16.67); ukku (-19.35)	7
a-ja-re	ajare	rum	-14.3794	rum (-14.38); ukku (-14.64); uri (-16.07)	5
a-ja-re-t	ajaret	numi	-15.7535	numi (-15.75); duma (-15.75); uri (-17.35)	6
a-ja-re-ta	ajareta	numi	-19.2572	numi (-19.26); duma (-19.26); ukku (-19.85)	7
a-ja-sa	ajasa	ʃutu	-10.4404	ʃutu (-10.44); kutu (-10.47); tuuʃ (-11.71)	5
a-ja-sa-s	ajasas	tuuʃ	-13.0231	tuuʃ (-13.02); ʃutu (-13.56); kutu (-13.97)	6
a-ja-sa-sa	ajasasa	ʃutu	-11.8854	ʃutu (-11.89); ʃutur (-15.27); kutu (-16.05)	7
a-ja-sa-sa-r	ajasasar	ʃutu	-15.3916	ʃutu (-15.39); ʃutur (-18.12); maʃuum (-18.79)	8
a-ja-sa-sa-ra	ajasasara	ʃutu	-18.2076	ʃutu (-18.21); ʃutur (-20.96); utstsun (-21.96)	9
a-ja-sa-sa-ra-m	ajasasaram	ʃutu	-21.7147	ʃutu (-21.71); ʃutur (-24.07); tuʃʃuip (-24.28)	10
a-ja-se	ajase	tuuʃ	-11.7714	tuuʃ (-11.77); uriʃ (-13.27); tiut (-13.91)	5
a-ja-se-k	ajasek	kuʃi	-14.6628	kuʃi (-14.66); huta (-14.66); husa (-14.66)	6
a-ja-se-ka	ajaseka	ʃutu	-17.4217	ʃutu (-17.42); kutu (-17.48); huta (-18.17)	7
a-ja-se-ka-n	ajasekan	ʃutur	-17.4196	ʃutur (-17.42); kutun (-17.48); ʃutin (-18.11)	8
a-ja-se-ka-na	ajasekana	ʃutur	-20.9254	ʃutur (-20.93); kutun (-20.98); ʃutin (-21.61)	9
a-ja-se-ka-na-s	ajasekanas	tuuʃ	-22.3949	tuuʃ (-22.39); tiut (-22.41); ʃariut (-22.78)	10
a-ja-tu	ajatu	uri	-14.4557	uri (-14.46); unra (-14.63); ukku (-14.64)	5
a-ja-tu-r	ajatur	am	-16.4861	am (-16.49); rum (-17.85); uri (-17.91)	6
a-ja-tu-ru	ajaturu	am	-19.9912	am (-19.99); rum (-21.36); uri (-21.37)	7
a-ja-tu-ru-s	ajaturus	uriʃ	-21.3641	uriʃ (-21.36); tuuʃ (-22.26); am (-23.50)	8
a-ja-tu-ru-sa	ajaturusa	ʃutu	-24.4049	ʃutu (-24.40); kutu (-24.43); uriʃ (-24.87)	9
a-ja-tu-ru-sa-i	ajaturusai	ʃutu	-27.8974	ʃutu (-27.90); kutu (-27.94); uriʃ (-28.38)	10
a-ja-wa	ajawa	dudu	-10.4404	dudu (-10.44); ɡuɡu (-10.44); ukku (-13.26)	5
a-ka-na	akana	eul	-9.0734	eul (-9.07); muru (-10.47); huel (-12.51)	5
a-ka-na-s	akanas	eul	-12.5797	eul (-12.58); uriʃ (-13.16); tuuʃ (-13.72)	6
a-ka-na-si	akanasi	eul	-16.086	eul (-16.09); uriʃ (-16.66); tuuʃ (-17.23)	7
a-ma-i-n	amain	eul	-9.0723	eul (-9.07); huel (-12.50); mur (-13.27)	5
a-ma-i-na	amaina	eul	-12.5786	eul (-12.58); muru (-13.96); tsibbaru (-15.84)	6
a-ma-i-na-j	amainaj	eul	-16.0849	eul (-16.08); muru (-17.47); tsibbaru (-19.35)	7
a-ma-i-na-ja	amainaja	eul	-19.5902	eul (-19.59); muru (-20.28); ruku (-21.49)	8
a-ma-i-na-ja-r	amainajar	rum	-22.1271	rum (-22.13); ahhuum (-23.01); eul (-23.10)	9
a-ma-i-na-ja-re	amainajare	rum	-25.6324	rum (-25.63); ahhuum (-26.51); eul (-26.60)	10
a-ma-na	amana	eul	-9.0734	eul (-9.07); muru (-10.47); huel (-12.51)	5
a-ma-na-d	amanad	eul	-12.5788	eul (-12.58); muru (-13.28); anaku (-14.94)	6
a-ma-na-da	amanada	eul	-16.0833	eul (-16.08); muru (-16.39); ruku (-17.35)	7
a-ma-na-da-w	amanadaw	eul	-19.5878	eul (-19.59); muru (-19.89); ruku (-20.82)	8
a-ma-na-da-wa	amanadawa	hindu	-22.2329	hindu (-22.23); mardu (-22.23); dudu (-22.81)	9
a-ma-na-da-wa-i	amanadawai	mardu	-25.7392	mardu (-25.74); hindu (-25.74); ɡuɡu (-26.32)	10
a-ma-si	amasi	tuuʃ	-11.7714	tuuʃ (-11.77); tiut (-11.78); uriʃ (-12.15)	5
a-ma-si-r	amasir	tuuʃ	-15.2779	tuuʃ (-15.28); tiut (-15.28); uriʃ (-15.65)	6
a-ma-si-ru	amasiru	tuuʃ	-18.7841	tuuʃ (-18.78); tiut (-18.79); uriʃ (-19.16)	7
a-ma-si-ru-t	amasirut	ʃiutmana	-20.1043	ʃiutmana (-20.10); ukkubati (-21.32); abebe (-21.64)	8
a-ma-si-ru-te	amasirute	ʃiutmana	-23.319	ʃiutmana (-23.32); ukkubati (-24.65); abebe (-25.03)	9
a-ma-te	amate	aa	-13.2525	aa (-13.25); uri (-14.27); unra (-14.42)	5
a-me-i-t	ameit	abebe	-11.6122	abebe (-11.61); abba (-11.97); ʃebe (-12.41)	5
a-me-i-ti	ameiti	abebe	-13.0975	abebe (-13.10); abba (-14.69); ibbak (-15.30)	6
a-me-u-n	ameun	huel	-12.518	huel (-12.52); eul (-13.68); aal (-13.68)	5
a-me-u-na	ameuna	muru	-15.1732	muru (-15.17); huel (-16.02); anaku (-16.03)	6
a-me-u-na-k	ameunak	uri	-16.0838	uri (-16.08); ari (-16.77); eri (-16.77)	7
a-me-u-na-ka	ameunaka	uri	-19.5881	uri (-19.59); eri (-20.27); ari (-20.27)	8
a-me-u-na-ka-n	ameunakan	purur	-21.4873	purur (-21.49); ʃalur (-21.49); eul (-22.00)	9
a-me-u-na-ka-na	ameunakana	purur	-24.9884	purur (-24.99); ʃalur (-25.00); luluki (-25.18)	10
a-me-u-na-r	ameunar	rum	-15.8082	rum (-15.81); muru (-18.68); numi (-19.15)	7
a-me-u-na-ru	ameunaru	rum	-19.3135	rum (-19.31); numi (-22.00); muru (-22.19)	8
a-me-u-na-ru-k	ameunaruk	numi	-20.6878	numi (-20.69); elma (-21.37); rum (-22.82)	9
a-me-u-na-ru-ka	ameunaruka	numi	-24.1917	numi (-24.19); elma (-24.87); rum (-26.32)	10
a-na-da	anada	ruku	-10.346	ruku (-10.35); muru (-10.74); ukku (-12.79)	5
a-na-da-w	anadaw	ruku	-13.8136	ruku (-13.81); muru (-14.25); luluki (-15.83)	6
a-na-da-wa	anadawa	ruku	-16.2453	ruku (-16.25); dudu (-16.32); ɡuɡu (-16.32)	7
a-na-da-wa-i	anadawai	ruku	-19.7349	ruku (-19.73); dudu (-19.82); ɡuɡu (-19.82)	8
a-na-da-wa-i-j	anadawaij	ruku	-23.2243	ruku (-23.22); ɡuɡu (-23.32); dudu (-23.32)	9
a-na-da-wa-i-ja	anadawaija	ruku	-25.8363	ruku (-25.84); dudu (-26.03); ɡuɡu (-26.03)	10
a-na-i-*301	anaiΘ	muru	-11.8374	muru (-11.84); unra (-13.23); uriʃ (-13.25)	5
a-na-i-*301-t	anaiΘt	uri	-12.574	uri (-12.57); unra (-14.32); rabba (-14.59)	6
a-na-i-*301-ti	anaiΘti	uri	-16.0784	uri (-16.08); rabba (-17.63); unra (-17.80)	7
a-na-i-*301-ti-j	anaiΘtij	uri	-19.5828	uri (-19.58); rabba (-20.81); unra (-21.28)	8
a-na-i-*301-ti-ja	anaiΘtija	uri	-23.0871	uri (-23.09); bau (-23.09); ruku (-23.98)	9
a-na-i-*301-ti-ja-s	anaiΘtijas	uriʃ	-23.0817	uriʃ (-23.08); ukkubati (-26.33); ʃariut (-26.46)	10
a-na-i-*301-u	anaiΘu	muru	-15.3435	muru (-15.34); unra (-16.50); uriʃ (-16.52)	6
a-na-i-*301-u-t	anaiΘut	uri	-16.0766	uri (-16.08); unra (-17.64); numi (-18.01)	7
a-na-i-*301-u-ti	anaiΘuti	uri	-19.581	uri (-19.58); rabba (-21.11); unra (-21.13)	8
a-na-i-*301-u-ti-n	anaiΘutin	libair	-22.0457	libair (-22.05); purur (-22.35); nan (-22.40)	9
a-na-i-*301-u-ti-nu	anaiΘutinu	libair	-25.5482	libair (-25.55); ruelpa (-25.84); purur (-25.86)	10
a-na-si	anasi	uriʃ	-10.4001	uriʃ (-10.40); tuuʃ (-11.77); muru (-11.84)	5
a-na-si-s	anasis	uriʃ	-12.8425	uriʃ (-12.84); tuuʃ (-14.48); muru (-15.34)	6
a-na-si-si	anasisi	uriʃ	-16.3451	uriʃ (-16.35); tuuʃ (-17.98); unsaha (-18.42)	7
a-na-si-si-r	anasisir	rum	-19.3006	rum (-19.30); uriʃ (-19.85); utstsun (-21.44)	8
a-na-ti	anati	uri	-9.0733	uri (-9.07); unra (-11.29); uriʃ (-11.67)	5
a-na-ti-*301	anatiΘ	uri	-12.5776	uri (-12.58); rabba (-14.62); unra (-14.76)	6
a-na-ti-*301-w	anatiΘw	uri	-16.082	uri (-16.08); rabba (-17.71); uriʃ (-18.04)	7
a-na-ti-*301-wa	anatiΘwa	rapdu	-18.2802	rapdu (-18.28); uri (-19.59); ruku (-20.65)	8
a-na-ti-*301-wa-j	anatiΘwaj	rapdu	-21.7864	rapdu (-21.79); uri (-23.09); ruku (-24.14)	9
a-na-ti-*301-wa-ja	anatiΘwaja	rapdu	-24.5938	rapdu (-24.59); uri (-26.59); ruku (-26.69)	10
a-ra-ma	arama	muru	-12.0741	muru (-12.07); ukku (-13.26); mardu (-13.60)	5
a-ra-ma-n	araman	mur	-11.6041	mur (-11.60); eul (-12.57); mar (-12.98)	6
a-ra-ma-na	aramana	muru	-12.2924	muru (-12.29); mur (-15.11); eul (-16.07)	7
a-ra-ma-na-d	aramanad	muru	-15.1082	muru (-15.11); mur (-18.62); mardu (-19.45)	8
a-ra-ma-na-da	aramanada	muru	-18.2105	muru (-18.21); mur (-22.12); mardu (-22.30)	9
a-ra-ma-na-da-w	aramanadaw	muru	-21.718	muru (-21.72); mardu (-25.54); mur (-25.63)	10
a-ra-me	arame	numi	-13.6031	numi (-13.60); duma (-13.60); muru (-14.34)	5
a-ra-me-i	aramei	numi	-17.1063	numi (-17.11); duma (-17.11); muru (-17.62)	6
a-ra-me-i-t	arameit	abebe	-18.2697	abebe (-18.27); ʃebe (-18.76); ukkubati (-18.77)	7
a-ra-me-i-ti	arameiti	abebe	-20.0518	abebe (-20.05); abba (-21.67); ukkubati (-21.86)	8
a-ra-me-u	arameu	numi	-17.1063	numi (-17.11); duma (-17.11); muru (-17.62)	6
a-ra-me-u-n	arameun	mur	-15.7988	mur (-15.80); mar (-16.48); huel (-18.16)	7
a-ra-me-u-na	arameuna	muru	-16.4879	muru (-16.49); mur (-19.31); mar (-19.99)	8
a-ra-me-u-na-k	arameunak	muru	-19.9942	muru (-19.99); uri (-22.41); mur (-22.81)	9
a-ra-me-u-na-ka	arameunaka	muru	-22.8093	muru (-22.81); uri (-25.91); muʃnuik (-25.99)	10
a-ra-me-u-na-r	arameunar	muru	-19.9942	muru (-19.99); mur (-22.81); rum (-22.82)	9
a-ra-me-u-na-ru	arameunaru	muru	-23.5004	muru (-23.50); mur (-26.32); rum (-26.32)	10
a-re-di	aredi	ukku	-14.232	ukku (-14.23); muru (-14.34); mur (-14.99)	5
a-re-di-j	aredij	muru	-17.617	muru (-17.62); ukku (-17.73); mur (-18.11)	6
a-re-di-ja	aredija	muru	-18.6779	muru (-18.68); ukku (-19.85); bau (-20.83)	7
a-re-ja	areja	ukku	-13.9358	ukku (-13.94); muru (-14.31); mur (-15.57)	5
a-re-ta	areta	mardu	-13.6044	mardu (-13.60); duma (-13.61); numi (-13.61)	5
a-ru-ka	aruka	mardu	-13.6044	mardu (-13.60); numi (-13.61); duma (-13.61)	5
a-ru-ka-n	arukan	mur	-12.2901	mur (-12.29); eul (-12.58); mar (-12.98)	6
a-ru-ka-na	arukana	muru	-12.9793	muru (-12.98); mur (-15.80); eul (-16.08)	7
a-ru-ka-na-s	arukanas	muru	-16.4855	muru (-16.49); mur (-19.30); meulli (-19.50)	8
a-sa-ra	asara	ʃutu	-10.372	ʃutu (-10.37); tuku (-10.99); kutu (-11.14)	5
a-sa-ra-m	asaram	sukma	-13.2733	sukma (-13.27); ʃutu (-13.85); tuku (-14.44)	6
a-sa-ra-ma	asarama	ʃutu	-16.4082	ʃutu (-16.41); tuku (-16.71); sukma (-16.77)	7
a-sa-ra-ma-n	asaraman	ʃutur	-16.4054	ʃutur (-16.41); ʃutin (-17.74); kutun (-17.74)	8
a-sa-ra-ma-na	asaramana	muru	-19.2992	muru (-19.30); ʃutur (-19.91); ʃutin (-21.25)	9
a-sa-ra-ma-na-d	asaramanad	muru	-22.115	muru (-22.11); ʃutur (-23.42); ʃutin (-24.75)	10
a-sa-ra-me	asarame	sukma	-16.7752	sukma (-16.78); ʃutu (-17.33); tuuʃ (-17.65)	7
a-sa-ra-me-i	asaramei	sukma	-20.2762	sukma (-20.28); ʃutu (-20.81); tuuʃ (-20.88)	8
a-sa-ra-me-i-t	asarameit	ʃudaba	-19.3224	ʃudaba (-19.32); ʃebe (-20.27); teumbe (-20.42)	9
a-sa-ra-me-i-ti	asarameiti	ʃudaba	-22.8158	ʃudaba (-22.82); ʃebe (-23.77); teumbe (-23.92)	10
a-sa-ra-me-u	asarameu	sukma	-20.2762	sukma (-20.28); ʃutu (-20.81); tuuʃ (-20.88)	8
a-sa-ra-me-u-n	asarameun	ʃutur	-20.8058	ʃutur (-20.81); ʃutin (-21.22); kutun (-21.66)	9
a-sa-ra-me-u-na	asarameuna	muru	-23.4907	muru (-23.49); ʃutur (-24.31); ʃutin (-24.73)	10
a-sa-sa	asasa	ʃutu	-4.8793	ʃutu (-4.88); ʃutur (-8.27); tuuʃ (-10.00)	5
a-sa-sa-r	asasar	ʃutu	-8.3854	ʃutu (-8.39); ʃutur (-11.11); maʃuum (-12.88)	6
a-sa-sa-ra	asasara	ʃutu	-11.2	ʃutu (-11.20); ʃutur (-13.96); utstsun (-15.86)	7
a-sa-sa-ra-m	asasaram	ʃutu	-14.7071	ʃutu (-14.71); ʃutur (-17.07); tuʃʃuip (-17.81)	8
a-sa-sa-ra-ma	asasarama	ʃutu	-17.8069	ʃutu (-17.81); ʃutur (-20.18); tuʃʃuip (-20.67)	9
a-sa-sa-ra-ma-n	asasaraman	ʃutur	-17.8032	ʃutur (-17.80); utstsun (-19.41); ʃutin (-19.57)	10
a-sa-sa-ra-me	asasarame	ʃutu	-18.2142	ʃutu (-18.21); ʃutur (-20.29); tuʃʃuip (-20.71)	9
a-sa-sa-ra-me-i	asasaramei	ʃutu	-21.7213	ʃutu (-21.72); ʃutur (-23.58); tuʃʃuip (-23.84)	10
a-sa-sa-ra-me-u	asasarameu	ʃutu	-21.7213	ʃutu (-21.72); ʃutur (-23.58); tuʃʃuip (-23.84)	10
a-sa-u-n	asaun	ʃutur	-8.1666	ʃutur (-8.17); kutun (-8.33); utstsun (-9.96)	5
a-sa-u-na	asauna	ʃutur	-11.6704	ʃutur (-11.67); kutun (-11.83); utstsun (-13.46)	6
a-sa-u-na-k	asaunak	turi	-12.5784	turi (-12.58); sunki (-15.17); ʃutur (-15.17)	7
a-sa-u-na-ka	asaunaka	turi	-16.0827	turi (-16.08); sunki (-18.62); ʃutur (-18.67)	8
a-sa-u-na-ka-n	asaunakan	turi	-19.5765	turi (-19.58); ʃutur (-19.67); ʃalur (-19.80)	9
a-sa-u-na-ka-na	asaunakana	tranku	-22.8736	tranku (-22.87); turi (-23.07); ʃutur (-23.17)	10
a-se-ka	aseka	ʃutu	-11.6233	ʃutu (-11.62); kutu (-11.84); siya (-12.32)	5
a-se-ka-n	asekan	ʃutur	-11.6211	ʃutur (-11.62); kutun (-11.83); ʃin (-11.89)	6
a-se-ka-na	asekana	ʃutur	-15.1257	ʃutur (-15.13); ʃalur (-15.13); kutun (-15.34)	7
a-se-ka-na-s	asekanas	tuuʃ	-15.3879	tuuʃ (-15.39); tiut (-15.39); ʃariut (-15.77)	8
a-se-ka-na-si	asekanasi	tuuʃ	-18.895	tuuʃ (-18.89); tiut (-18.90); ʃariut (-19.28)	9
a-se-ka-na-si-s	asekanasis	tuuʃ	-21.7073	tuuʃ (-21.71); tiut (-21.72); ʃariut (-22.05)	10
a-se-ra	asera	ʃutu	-11.6233	ʃutu (-11.62); kutu (-11.84); tuku (-13.26)	5
a-se-ra-t	aserat	ʃutu	-15.0825	ʃutu (-15.08); sukma (-15.18); kutu (-15.34)	6
a-se-ra-te	aserate	ʃutu	-18.5425	ʃutu (-18.54); sukma (-18.67); siya (-18.70)	7
a-si-i-p	asiip	tuk	-12.7067	tuk (-12.71); ibbak (-12.71); ʃak (-12.85)	5
a-si-i-pi	asiipi	tibbe	-15.5548	tibbe (-15.55); ibbak (-16.13); tuk (-16.21)	6
a-si-i-pi-n	asiipin	tsabar	-18.2157	tsabar (-18.22); utstsun (-18.50); tibbe (-18.57)	7
a-si-i-pi-na	asiipina	tsibbaru	-16.21	tsibbaru (-16.21); ukku (-20.38); tuku (-20.38)	8
a-si-i-pi-na-m	asiipinam	tsibbaru	-19.707	tsibbaru (-19.71); tibbe (-20.92); abbara (-22.98)	9
a-si-i-pi-na-ma	asiipinama	tsibbaru	-22.4346	tsibbaru (-22.43); tibbe (-24.42); ʃiprium (-25.30)	10
a-si-ru	asiru	ʃam	-14.2196	ʃam (-14.22); uriʃ (-14.66); putmaʃ (-14.99)	5
a-si-ru-t	asirut	ʃebe	-15.1998	ʃebe (-15.20); tibbe (-15.25); ʃami (-15.56)	6
a-si-ru-te	asirute	ʃebe	-18.6786	ʃebe (-18.68); tibbe (-18.74); ʃami (-19.02)	7
a-si-si	asisi	utstsun	-12.3479	utstsun (-12.35); tit (-13.19); tuuʃ (-13.23)	5
a-si-si-r	asisir	utstsun	-15.3152	utstsun (-15.32); tsul (-16.36); tsin (-16.36)	6
a-ta-i-*301	ataiΘ	abba	-14.5917	abba (-14.59); ukku (-14.64); eul (-14.91)	5
a-ta-i-*301-u	ataiΘu	abba	-17.6815	abba (-17.68); ukku (-18.13); eul (-18.14)	6
a-ta-i-*301-u-j	ataiΘuj	abba	-20.8887	abba (-20.89); eul (-21.43); ukku (-21.62)	7
a-ta-i-*301-u-ja	ataiΘuja	ukku	-23.1873	ukku (-23.19); bau (-23.52); abba (-24.16)	8
a-ta-i-*301-w	ataiΘw	abba	-17.6815	abba (-17.68); ukku (-18.13); eul (-18.14)	6
a-ta-i-*301-wa	ataiΘwa	ɡuɡu	-17.4229	ɡuɡu (-17.42); dudu (-17.42); hidu (-18.63)	7
a-ta-i-*301-wa-e	ataiΘwae	dudu	-20.915	dudu (-20.91); ɡuɡu (-20.91); hidu (-22.13)	8
a-ta-i-*301-wa-e-a	ataiΘwaea	ɡuɡu	-23.5204	ɡuɡu (-23.52); dudu (-23.52); hidu (-24.95)	9
a-ta-i-*301-wa-e-a-d	ataiΘwaead	ɡuɡu	-26.4489	ɡuɡu (-26.45); dudu (-26.45); hidu (-28.05)	10
a-ta-i-*301-wa-j	ataiΘwaj	dudu	-20.915	dudu (-20.91); ɡuɡu (-20.91); hidu (-22.13)	8
a-ta-i-*301-wa-ja	ataiΘwaja	ɡuɡu	-23.5204	ɡuɡu (-23.52); dudu (-23.52); hidu (-24.95)	9
a-ta-i-*301-wa-ja-a	ataiΘwajaa	ɡuɡu	-26.4489	ɡuɡu (-26.45); dudu (-26.45); hidu (-28.05)	10
a-ta-i-*301-wa-ja-j	ataiΘwajaj	dudu	-27.0161	dudu (-27.02); ɡuɡu (-27.02); hidu (-28.46)	10
a-ta-i-*301-wa-ja-s	ataiΘwajas	tuuʃ	-26.6023	tuuʃ (-26.60); dudu (-27.02); ɡuɡu (-27.02)	10
a-ta-i-*301-wa-ja-t	ataiΘwajat	dudu	-27.0161	dudu (-27.02); ɡuɡu (-27.02); iɡi (-27.28)	10
a-ti-*301-w	atiΘw	abba	-14.2096	abba (-14.21); iɡi (-15.25); uri (-15.57)	5
a-ti-*301-wa	atiΘwa	dudu	-15.0806	dudu (-15.08); ɡuɡu (-15.08); hidu (-15.17)	6
a-ti-*301-wa-j	atiΘwaj	dudu	-18.5422	dudu (-18.54); ɡuɡu (-18.54); hidu (-18.68)	7
a-ti-*301-wa-ja	atiΘwaja	ɡuɡu	-20.8101	ɡuɡu (-20.81); dudu (-20.81); hidu (-21.50)	8
a-tu-ru	aturu	am	-12.9827	am (-12.98); uri (-15.57); rum (-15.63)	5
a-tu-ru-s	aturus	uriʃ	-15.5605	uriʃ (-15.56); am (-16.49); ipiʃ (-17.21)	6
a-tu-ru-sa	aturusa	ʃutu	-18.5382	ʃutu (-18.54); kutu (-18.63); hasu (-18.63)	7
a-tu-ru-sa-i	aturusai	ʃutu	-22.0019	ʃutu (-22.00); kutu (-22.13); hasu (-22.13)	8
a-tu-ru-sa-i-d	aturusaid	ʃutu	-24.2896	ʃutu (-24.29); kutu (-24.94); pitu (-24.95)	9
a-tu-ru-sa-i-da	aturusaida	ʃutu	-27.0481	ʃutu (-27.05); tuku (-27.50); maʃuum (-27.63)	10
a-u-na-k	aunak	uri	-9.0742	uri (-9.07); unra (-11.05); muru (-11.78)	5
a-u-na-ka	aunaka	uri	-12.5784	uri (-12.58); ruku (-14.49); unra (-14.53)	6
a-u-na-ka-n	aunakan	purur	-14.588	purur (-14.59); nan (-15.40); rikur (-15.61)	7
a-u-na-ka-na	aunakana	purur	-18.09	purur (-18.09); luluki (-18.17); ruelpa (-18.85)	8
a-u-ti-n	autin	huel	-12.4605	huel (-12.46); aal (-13.69); eul (-13.88)	5
a-u-ti-nu	autinu	huel	-15.9676	huel (-15.97); unra (-17.16); aal (-17.19)	6
a-u-ti-nu-i	autinui	abba	-18.7554	abba (-18.76); ibbak (-18.85); huel (-19.47)	7
a-u-ti-nu-i-n	autinuin	unra	-21.5512	unra (-21.55); abba (-21.61); ibbak (-21.66)	8
a-u-ti-nu-i-na	autinuina	tsibbaru	-22.0814	tsibbaru (-22.08); unra (-24.42); abba (-24.73)	9
a-u-ti-nu-i-na-i	autinuinai	tsibbaru	-25.5872	tsibbaru (-25.59); unra (-27.54); ibbak (-27.57)	10
a-wa-i-j	awaij	dudu	-11.6252	dudu (-11.63); ɡuɡu (-11.63); du ka (-12.89)	5
a-wa-i-ja	awaija	ɡuɡu	-13.6609	ɡuɡu (-13.66); dudu (-13.66); du ka (-15.71)	6
a-za-*56-n	azaΦn	eul	-9.0723	eul (-9.07); huel (-12.50); amni (-12.92)	5
a-za-*56-ni	azaΦni	eul	-12.5795	eul (-12.58); amni (-15.75); huel (-16.00)	6
da-da-u	dadau	ukku	-13.0555	ukku (-13.06); uri (-15.52); tuuʃ (-15.59)	5
da-da-u-t	dadaut	ukku	-16.5572	ukku (-16.56); uri (-16.81); unra (-16.88)	6
da-da-u-ti	dadauti	ukku	-20.0575	ukku (-20.06); uri (-20.28); unra (-20.38)	7
da-da-u-ti-n	dadautin	huel	-20.7705	huel (-20.77); eul (-22.80); mur (-22.89)	8
da-da-u-ti-nu	dadautinu	huel	-24.2776	huel (-24.28); unra (-26.14); uri (-26.22)	9
da-da-u-ti-nu-i	dadautinui	huel	-27.7848	huel (-27.78); abba (-29.27); unra (-29.33)	10
da-ja-j	dajaj	ukku	-13.5564	ukku (-13.56); uri (-15.76); tuuʃ (-16.44)	5
da-ja-ja	dajaja	ukku	-16.0145	ukku (-16.01); muru (-18.89); kutu (-18.89)	6
da-ja-s	dajas	tuuʃ	-10.4512	tuuʃ (-10.45); uriʃ (-12.57); tiut (-13.23)	5
da-ma-t	damat	aa	-13.2525	aa (-13.25); ukku (-13.56); uri (-13.56)	5
da-ma-te	damate	aa	-16.7533	aa (-16.75); uri (-17.04); ukku (-17.06)	6
da-se-r	daser	tuuʃ	-11.8327	tuuʃ (-11.83); uriʃ (-13.57); ʃam (-14.25)	5
da-se-ra	dasera	ʃutu	-14.1881	ʃutu (-14.19); kutu (-14.27); tuuʃ (-15.28)	6
da-se-ra-t	daserat	ʃutu	-17.6758	ʃutu (-17.68); kutu (-17.77); husa (-18.45)	7
da-se-ra-te	daserate	ʃutu	-21.1633	ʃutu (-21.16); kutu (-21.28); huta (-21.96)	8
da-u-ti	dauti	uri	-14.2598	uri (-14.26); unra (-14.41); ukku (-15.30)	5
da-u-ti-n	dautin	huel	-14.9293	huel (-14.93); eul (-16.75); unra (-16.91)	6
da-u-ti-nu	dautinu	huel	-18.4364	huel (-18.44); unra (-19.92); uri (-19.99)	7
da-u-ti-nu-i	dautinui	huel	-21.9435	huel (-21.94); abba (-22.26); ibbak (-22.36)	8
da-u-ti-nu-i-n	dautinuin	unra	-24.3647	unra (-24.36); huel (-24.75); abba (-25.12)	9
da-u-ti-nu-i-na	dautinuina	tsibbaru	-25.1734	tsibbaru (-25.17); unra (-27.23); muru (-27.51)	10
da-wa-i	dawai	dudu	-10.7032	dudu (-10.70); ɡuɡu (-10.70); ukku (-13.56)	5
da-wa-i-j	dawaij	ɡuɡu	-14.1899	ɡuɡu (-14.19); dudu (-14.19); du ka (-16.39)	6
da-wa-i-ja	dawaija	ɡuɡu	-16.6274	ɡuɡu (-16.63); dudu (-16.63); du ka (-19.21)	7
di-ki-t	dikit	abebe	-9.0017	abebe (-9.00); abba (-10.89); tibbe (-11.75)	5
di-ki-te	dikite	abebe	-12.4913	abebe (-12.49); abba (-14.38); rabba (-15.25)	6
di-ki-te-s	dikites	abebe	-15.9808	abebe (-15.98); uriʃ (-17.64); abba (-17.88)	7
di-ki-te-si	dikitesi	abebe	-19.098	abebe (-19.10); abba (-21.05); uriʃ (-21.15)	8
di-ki-te-si-r	dikitesir	abebe	-22.3254	abebe (-22.33); abba (-24.31); uriʃ (-24.66)	9
di-ki-te-si-ra	dikitesira	bau	-25.5029	bau (-25.50); abebe (-25.61); abba (-27.61)	10
di-ki-te-t	dikitet	abebe	-15.1872	abebe (-15.19); abba (-17.13); bera (-17.72)	7
di-ki-te-te	dikitete	abebe	-18.6804	abebe (-18.68); abba (-20.63); bali (-21.18)	8
di-ki-te-te-r	dikiteter	abebe	-22.1733	abebe (-22.17); abba (-24.13); bela (-24.64)	9
di-ki-te-te-re	dikitetere	abebe	-25.6661	abebe (-25.67); abba (-27.63); bera (-28.10)	10
di-ki-tu	dikitu	abebe	-12.4913	abebe (-12.49); abba (-14.38); rabba (-15.25)	6
di-ki-tu-j	dikituj	abebe	-15.9808	abebe (-15.98); abba (-17.88); rabba (-18.75)	7
di-ki-tu-ja	dikituja	bau	-18.4977	bau (-18.50); abebe (-19.47); abba (-21.37)	8
di-ki-tu-ja-s	dikitujas	bau	-22.0039	bau (-22.00); abebe (-22.96); tiut (-24.43)	9
e-a-di-k	eadik	ukkubati	-12.4954	ukkubati (-12.50); ʃudaba (-14.05); abba (-14.17)	5
e-a-di-ki	eadiki	ukkubati	-15.5832	ukkubati (-15.58); abebe (-17.29); abba (-17.30)	6
e-a-di-ki-t	eadikit	abebe	-15.3452	abebe (-15.35); ukkubati (-16.94); abba (-17.32)	7
e-a-di-ki-te	eadikite	abebe	-18.8419	abebe (-18.84); ukkubati (-20.33); abba (-20.82)	8
e-a-di-ki-te-t	eadikitet	abebe	-21.5945	abebe (-21.59); ukkubati (-22.54); abba (-23.60)	9
e-a-di-ki-te-te	eadikitete	abebe	-25.0935	abebe (-25.09); ukkubati (-26.00); abba (-27.10)	10
e-di-ja	edija	bau	-13.8677	bau (-13.87); ukku (-14.23); buni (-14.66)	5
e-i-da-j	eidaj	buni	-13.0535	buni (-13.05); bau (-13.49); ukku (-15.32)	5
e-i-da-ja	eidaja	buni	-16.0826	buni (-16.08); bau (-16.20); ukku (-17.06)	6
e-i-da-ja-j	eidajaj	buni	-19.2603	buni (-19.26); bau (-19.70); ukku (-20.56)	7
e-i-da-ja-ja	eidajaja	buni	-22.4492	buni (-22.45); bau (-22.61); ukku (-23.02)	8
e-i-ja-s	eijas	tuuʃ	-13.4779	tuuʃ (-13.48); tiut (-13.52); bau (-13.87)	5
e-i-ja-sa	eijasa	ʃutu	-13.9333	ʃutu (-13.93); kutu (-13.96); bau (-16.35)	6
e-i-ja-sa-s	eijasas	tuuʃ	-16.7109	tuuʃ (-16.71); ʃutu (-17.05); kutu (-17.46)	7
e-i-ja-sa-sa	eijasasa	ʃutu	-15.3925	ʃutu (-15.39); ʃutur (-18.78); kutu (-19.49)	8
e-i-ja-sa-u	eijasau	ʃutu	-17.4252	ʃutu (-17.43); kutu (-17.47); bau (-19.84)	7
e-i-ja-sa-u-n	eijasaun	ʃutur	-17.4222	ʃutur (-17.42); kutun (-17.47); tsul (-19.87)	8
e-i-ja-sa-u-na	eijasauna	ʃutur	-20.9278	ʃutur (-20.93); kutun (-20.97); tsul (-23.37)	9
e-i-ja-sa-u-na-k	eijasaunak	buni	-22.4084	buni (-22.41); turi (-23.10); ʃutur (-24.43)	10
e-i-ke-t	eiket	bali	-12.1889	bali (-12.19); bela (-12.19); bera (-12.19)	5
e-i-ke-ta	eiketa	bau	-11.8938	bau (-11.89); bali (-15.61); bela (-15.61)	6
e-i-ke-ta-n	eiketan	bau	-15.4	bau (-15.40); eul (-15.40); libair (-16.66)	7
e-i-ke-ta-na	eiketana	bau	-18.2161	bau (-18.22); eul (-18.91); libair (-20.17)	8
e-i-ke-ta-na-i	eiketanai	bau	-21.7232	bau (-21.72); eul (-22.41); libair (-23.68)	9
e-i-ke-ta-na-i-*301	eiketanaiΘ	bau	-25.2303	bau (-25.23); eul (-25.92); libair (-27.18)	10
e-ka-na	ekana	eul	-9.0769	eul (-9.08); muru (-10.74); anaku (-12.53)	5
e-ka-na-s	ekanas	eul	-12.5832	eul (-12.58); uriʃ (-13.91); tuuʃ (-14.19)	6
e-ka-na-si	ekanasi	eul	-16.0895	eul (-16.09); uriʃ (-17.41); tuuʃ (-17.69)	7
e-ka-na-si-s	ekanasis	antsi	-18.7806	antsi (-18.78); eul (-19.60); uriʃ (-19.85)	8
e-ka-na-si-si	ekanasisi	antsi	-21.6247	antsi (-21.62); eul (-23.10); uriʃ (-23.35)	9
e-ka-na-si-si-r	ekanasisir	antsi	-24.7366	antsi (-24.74); rum (-26.31); eul (-26.61)	10
e-ra-te	erate	muru	-14.3662	muru (-14.37); mur (-14.63); mete (-15.05)	5
e-si-ra	esira	ʃutu	-13.0444	ʃutu (-13.04); tuku (-13.27); bau (-13.88)	5
e-ta-na	etana	eul	-9.0769	eul (-9.08); muru (-10.74); anaku (-12.53)	5
e-ta-na-i	etanai	eul	-12.5832	eul (-12.58); muru (-14.25); anaku (-16.03)	6
e-ta-na-i-*301	etanaiΘ	eul	-16.0895	eul (-16.09); muru (-17.75); anaku (-19.52)	7
e-ta-na-i-*301-t	etanaiΘt	uri	-19.5865	uri (-19.59); eul (-19.60); eri (-20.27)	8
e-ta-na-i-*301-ti	etanaiΘti	uri	-23.0909	uri (-23.09); eul (-23.10); abebe (-23.53)	9
e-ta-na-i-*301-ti-j	etanaiΘtij	abebe	-26.4472	abebe (-26.45); uri (-26.60); eul (-26.61)	10
e-te-re	etere	am	-12.9827	am (-12.98); ayak (-14.62); lim (-15.63)	5
e-te-re-p	eterep	ayak	-14.3891	ayak (-14.39); am (-16.49); kik (-17.89)	6
e-to-i-j	etoij	am	-12.9862	am (-12.99); abba (-14.59); qamban (-14.95)	5
e-to-i-ja	etoija	am	-16.4913	am (-16.49); bau (-17.18); abba (-17.68)	6
e-tu-me	etume	yadda	-13.1768	yadda (-13.18); aa (-13.25); ayak (-15.23)	5
e-tu-me-i	etumei	yadda	-16.6568	yadda (-16.66); aa (-16.75); abba (-17.88)	6
e-tu-me-i-j	etumeij	yadda	-20.1303	yadda (-20.13); aa (-20.25); abba (-20.78)	7
e-tu-me-i-ja	etumeija	yadda	-23.5979	yadda (-23.60); aa (-23.75); bau (-23.88)	8
e-tu-me-i-ja-s	etumeijas	tiut	-24.6815	tiut (-24.68); ʃariut (-25.66); ʃimiut (-25.66)	9
e-tu-me-i-ja-sa	etumeijasa	ʃutu	-27.2833	ʃutu (-27.28); kutu (-27.30); pitu (-28.17)	10
e-u-na-k	eunak	ni	-11.8949	ni (-11.89); numi (-12.28); ruku (-13.57)	5
e-u-na-ka	eunaka	ruku	-14.4955	ruku (-14.50); ni (-15.40); numi (-15.62)	6
e-u-na-ka-n	eunakan	nan	-15.3958	nan (-15.40); rikur (-15.61); ruelpa (-16.05)	7
e-u-na-ka-na	eunakana	luluki	-18.177	luluki (-18.18); ruelpa (-18.85); nan (-18.90)	8
e-u-na-ka-na-s	eunakanas	luluki	-20.9796	luluki (-20.98); ʃariut (-21.57); ruelpa (-21.94)	9
e-u-na-ka-na-si	eunakanasi	luluki	-24.0676	luluki (-24.07); ʃariut (-25.08); ruelpa (-25.14)	10
e-u-na-r	eunar	rum	-8.7948	rum (-8.79); numi (-12.14); ruku (-13.57)	5
e-u-na-ru	eunaru	rum	-12.3	rum (-12.30); numi (-14.99); ruku (-16.78)	6
e-u-na-ru-k	eunaruk	numi	-13.6743	numi (-13.67); rum (-15.81); elma (-18.86)	7
e-u-na-ru-ka	eunaruka	numi	-17.1783	numi (-17.18); rum (-19.31); ruku (-20.87)	8
e-u-na-ru-ka-n	eunarukan	numi	-20.6822	numi (-20.68); nan (-22.40); rikur (-22.47)	9
e-u-na-ru-ka-na	eunarukana	muru	-23.4864	muru (-23.49); numi (-24.19); luluki (-25.18)	10
i-da-a-u	idaau	buni	-12.4587	buni (-12.46); bau (-12.85); ukku (-13.97)	5
i-da-ja	idaja	buni	-12.5754	buni (-12.58); bau (-12.70); ukku (-13.56)	5
i-da-ja-j	idajaj	buni	-15.7531	buni (-15.75); bau (-16.20); ukku (-17.06)	6
i-da-ja-ja	idajaja	buni	-18.942	buni (-18.94); bau (-19.11); ukku (-19.52)	7
i-da-ja-s	idajas	tuuʃ	-13.4005	tuuʃ (-13.40); buni (-15.75); uriʃ (-16.08)	6
i-i-pi-n	iipin	har	-13.2307	har (-13.23); hal (-13.23); par (-13.23)	5
i-i-pi-na	iipina	bau	-15.7418	bau (-15.74); puhu (-16.36); kun (-16.52)	6
i-i-pi-na-m	iipinam	buni	-16.5688	buni (-16.57); bera (-16.75); bali (-16.75)	7
i-i-pi-na-ma	iipinama	bau	-18.481	bau (-18.48); buni (-20.04); bali (-20.25)	8
i-i-pi-na-ma-i	iipinamai	bau	-21.9871	bau (-21.99); buni (-23.51); bera (-23.74)	9
i-i-pi-na-ma-i-n	iipinamain	huel	-23.0877	huel (-23.09); purur (-23.49); pur (-24.54)	10
i-ja-re	ijare	buni	-13.5485	buni (-13.55); bau (-13.85); rum (-14.65)	5
i-ja-re-d	ijared	bau	-16.2012	bau (-16.20); buni (-16.54); ukku (-17.73)	6
i-ja-re-di	ijaredi	bau	-19.6918	bau (-19.69); buni (-19.70); ukku (-21.23)	7
i-ja-re-di-j	ijaredij	buni	-22.9481	buni (-22.95); bau (-23.18); muru (-24.56)	8
i-ja-re-di-ja	ijaredija	muru	-25.6737	muru (-25.67); bau (-25.85); buni (-26.09)	9
i-ja-sa	ijasa	ʃutu	-10.7043	ʃutu (-10.70); kutu (-10.74); bau (-12.85)	5
i-ja-sa-s	ijasas	tuuʃ	-13.3453	tuuʃ (-13.35); ʃutu (-13.73); kutu (-14.24)	6
i-ja-sa-sa	ijasasa	ʃutu	-11.8881	ʃutu (-11.89); ʃutur (-15.28); kutu (-16.23)	7
i-ja-sa-sa-r	ijasasar	ʃutu	-15.3943	ʃutu (-15.39); ʃutur (-18.12); maʃuum (-18.79)	8
i-ja-sa-u	ijasau	ʃutu	-14.1916	ʃutu (-14.19); kutu (-14.25); bau (-16.35)	6
i-ja-sa-u-n	ijasaun	ʃutur	-14.1886	ʃutur (-14.19); kutun (-14.25); tsul (-16.54)	7
i-ja-sa-u-na	ijasauna	ʃutur	-17.694	ʃutur (-17.69); kutun (-17.75); tsul (-20.05)	8
i-ja-sa-u-na-k	ijasaunak	buni	-18.9012	buni (-18.90); turi (-19.59); ʃutur (-21.20)	9
i-ja-sa-u-na-ka	ijasaunaka	buni	-22.4056	buni (-22.41); turi (-23.10); ʃutur (-24.70)	10
i-ke-ta	iketa	bau	-8.3866	bau (-8.39); bera (-12.11); bali (-12.11)	5
i-ke-ta-n	iketan	bau	-11.8928	bau (-11.89); eul (-11.89); aal (-13.25)	6
i-ke-ta-na	iketana	bau	-14.7089	bau (-14.71); eul (-15.40); aal (-16.76)	7
i-ke-ta-na-i	iketanai	bau	-18.216	bau (-18.22); eul (-18.91); aal (-20.26)	8
i-ke-ta-na-i-*301	iketanaiΘ	bau	-21.7231	bau (-21.72); eul (-22.41); bali (-23.72)	9
i-ke-ta-na-i-*301-t	iketanaiΘt	buni	-23.0878	buni (-23.09); bera (-23.09); bali (-23.09)	10
i-ki-te	ikite	abebe	-9.6214	abebe (-9.62); abba (-11.38); bali (-12.00)	5
i-ki-te-s	ikites	abebe	-13.0978	abebe (-13.10); abba (-14.86); bela (-15.40)	6
i-ki-te-si	ikitesi	abebe	-15.974	abebe (-15.97); abba (-17.87); batsitsi (-18.61)	7
i-ki-te-si-r	ikitesir	abebe	-19.0974	abebe (-19.10); abba (-21.05); ibbak (-21.54)	8
i-ki-te-si-ra	ikitesira	bau	-21.9954	bau (-22.00); abebe (-22.33); abba (-24.31)	9
i-ki-te-t	ikitet	abebe	-12.2209	abebe (-12.22); abba (-14.07); bera (-14.21)	6
i-ki-te-te	ikitete	abebe	-15.7049	abebe (-15.70); abba (-17.56); bela (-17.67)	7
i-ki-te-te-r	ikiteter	abebe	-19.1888	abebe (-19.19); abba (-21.06); bali (-21.13)	8
i-ki-te-te-re	ikitetere	abebe	-22.6726	abebe (-22.67); abba (-24.56); bela (-24.59)	9
i-ki-te-te-re-p	ikiteterep	ayak	-23.7578	ayak (-23.76); ibbak (-24.55); bakkah (-24.86)	10
i-ki-tu	ikitu	abebe	-9.6214	abebe (-9.62); abba (-11.38); bela (-12.00)	5
i-ki-tu-j	ikituj	abebe	-13.0978	abebe (-13.10); abba (-14.86); bera (-15.40)	6
i-ki-tu-ja	ikituja	bau	-14.9902	bau (-14.99); abebe (-16.57); abba (-18.35)	7
i-ki-tu-ja-s	ikitujas	bau	-18.4965	bau (-18.50); abebe (-20.05); tiut (-21.20)	8
i-na-i-d	inaid	ruku	-10.9886	ruku (-10.99); bau (-12.69); buni (-13.01)	5
i-na-i-da	inaida	ruku	-13.4756	ruku (-13.48); bau (-15.53); buni (-15.84)	6
i-na-i-da-j	inaidaj	ruku	-16.9555	ruku (-16.96); buni (-18.94); bau (-19.03)	7
i-na-i-da-ja	inaidaja	ruku	-19.551	ruku (-19.55); bau (-21.97); buni (-22.06)	8
i-na-i-da-ja-s	inaidajas	tuuʃ	-22.6691	tuuʃ (-22.67); ruku (-23.04); buni (-25.28)	9
i-na-ja	inaja	ruku	-10.9886	ruku (-10.99); bau (-12.85); buni (-13.22)	5
i-na-ja-r	inajar	rum	-11.6072	rum (-11.61); ruku (-14.45); numi (-14.87)	6
i-na-ja-re	inajare	rum	-15.1126	rum (-15.11); numi (-17.76); ruku (-17.90)	7
i-na-ja-re-t	inajaret	numi	-16.4866	numi (-16.49); rum (-18.62); buni (-20.65)	8
i-na-ja-re-ta	inajareta	numi	-19.9907	numi (-19.99); rum (-22.12); bau (-23.07)	9
i-na-ma	inama	bau	-9.0655	bau (-9.07); ruku (-10.99); buni (-11.27)	5
i-na-ma-i	inamai	bau	-12.5715	bau (-12.57); ruku (-14.45); buni (-14.71)	6
i-na-ma-i-n	inamain	libair	-15.342	libair (-15.34); nan (-15.39); rikur (-15.57)	7
i-na-ma-i-na	inamaina	luluki	-18.1752	luluki (-18.18); ruelpa (-18.84); libair (-18.84)	8
i-na-ma-i-na-j	inamainaj	luluki	-20.9783	luluki (-20.98); ruelpa (-21.93); libair (-22.35)	9
i-na-ma-i-na-ja	inamainaja	luluki	-23.7885	luluki (-23.79); ruelpa (-25.13); bau (-25.50)	10
i-na-ma-s	inamas	ʃariut	-12.4797	ʃariut (-12.48); bau (-12.57); tuuʃ (-14.19)	6
i-na-ma-si	inamasi	ʃariut	-15.9868	ʃariut (-15.99); bau (-16.08); tuuʃ (-17.69)	7
i-na-ma-si-r	inamasir	rum	-18.6162	rum (-18.62); ʃariut (-19.49); bau (-19.58)	8
i-na-ma-si-ru	inamasiru	rum	-22.1216	rum (-22.12); ʃariut (-23.00); bau (-23.09)	9
i-na-ma-si-ru-t	inamasirut	numi	-23.4934	numi (-23.49); rabba (-25.31); rum (-25.63)	10
i-nu-i-n	inuin	nan	-12.8306	nan (-12.83); libair (-13.16); napir (-14.97)	5
i-nu-i-na	inuina	bau	-16.1849	bau (-16.18); ruku (-16.22); nan (-16.32)	6
i-nu-i-na-i	inuinai	ruku	-19.4743	ruku (-19.47); bau (-19.67); luluki (-19.76)	7
i-nu-i-na-i-d	inuinaid	ruku	-20.7417	ruku (-20.74); bau (-22.23); luluki (-22.43)	8
i-nu-i-na-i-da	inuinaida	ruku	-23.2634	ruku (-23.26); bau (-25.18); luluki (-25.21)	9
i-nu-i-na-i-da-j	inuinaidaj	ruku	-26.7445	ruku (-26.74); luluki (-28.29); bau (-28.68)	10
i-nu-ja	inuja	bau	-13.2301	bau (-13.23); ruku (-13.27); buni (-14.43)	5
i-nu-ja-s	inujas	ruku	-16.5551	ruku (-16.56); tuuʃ (-16.69); bau (-16.72)	6
i-nu-ja-sa	inujasa	ʃutu	-17.2231	ʃutu (-17.22); kutu (-17.25); ruku (-17.90)	7
i-nu-ja-sa-s	inujasas	tuuʃ	-20.0936	tuuʃ (-20.09); ʃutu (-20.41); kutu (-20.75)	8
i-nu-ja-sa-sa	inujasasa	ʃutu	-18.8969	ʃutu (-18.90); ʃutur (-22.28); kutu (-22.80)	9
i-nu-ja-sa-sa-r	inujasasar	ʃutu	-22.4031	ʃutu (-22.40); ʃutur (-25.13); rum (-25.23)	10
i-nwa-z	inwaz	hindu	-11.1171	hindu (-11.12); mardu (-11.12); rapdu (-11.17)	5
i-nwa-za	inwaza	bau	-12.5654	bau (-12.57); rapdu (-13.86); mardu (-13.93)	6
i-nwa-za-*56	inwazaΦ	rum	-15.1135	rum (-15.11); bau (-16.07); lim (-16.48)	7
i-nwa-za-*56-n	inwazaΦn	rum	-18.6188	rum (-18.62); nan (-18.90); rikur (-18.94)	8
i-nwa-za-*56-ni	inwazaΦni	rum	-22.1241	rum (-22.12); ruelpa (-22.34); nan (-22.40)	9
i-pi-na	ipina	bau	-12.8307	bau (-12.83); pur (-13.03); kun (-13.03)	5
i-pi-na-m	ipinam	buni	-13.6849	buni (-13.68); bali (-13.92); bela (-13.92)	6
i-pi-na-ma	ipinama	bau	-15.3824	bau (-15.38); buni (-17.15); bela (-17.41)	7
i-pi-na-ma-i	ipinamai	bau	-18.8885	bau (-18.89); buni (-20.61); bela (-20.90)	8
i-pi-na-ma-i-n	ipinamain	huel	-19.5805	huel (-19.58); purur (-19.99); hun (-21.03)	9
i-pi-na-ma-i-na	ipinamaina	huel	-23.0874	huel (-23.09); purur (-23.33); hun (-24.54)	10
i-pi-na-ma-s	ipinamas	kuraʃ	-17.8186	kuraʃ (-17.82); kurat (-17.82); halat (-18.08)	8
i-pi-na-ma-si	ipinamasi	kurat	-21.3255	kurat (-21.33); kuraʃ (-21.33); halat (-21.59)	9
i-pi-na-ma-si-r	ipinamasir	ʃiprium	-24.0889	ʃiprium (-24.09); kurat (-24.83); kuraʃ (-24.83)	10
i-ru-te	irute	bera	-13.7315	bera (-13.73); bela (-13.73); bali (-13.73)	5
i-ru-te-i	irutei	bela	-17.0472	bela (-17.05); bali (-17.05); bera (-17.05)	6
i-ru-te-i-d	iruteid	bau	-16.0739	bau (-16.07); mardu (-19.50); bali (-20.39)	7
i-ru-te-i-di	iruteidi	bau	-19.5796	bau (-19.58); abba (-22.27); ibbak (-22.35)	8
i-te-si	itesi	bera	-13.7212	bera (-13.72); bela (-13.72); bali (-13.72)	5
i-te-si-r	itesir	am	-16.4809	am (-16.48); bera (-17.03); bela (-17.03)	6
i-te-si-ra	itesira	bau	-16.0685	bau (-16.07); hasu (-18.73); pitu (-18.73)	7
i-te-te	itete	bela	-12.1058	bela (-12.11); bali (-12.11); bera (-12.11)	5
i-te-te-r	iteter	bali	-15.5338	bali (-15.53); bela (-15.53); bera (-15.53)	6
i-te-te-re	itetere	bera	-18.9656	bera (-18.97); bela (-18.97); bali (-18.97)	7
i-te-te-re-p	iteterep	ayak	-17.4292	ayak (-17.43); bakkah (-19.41); aapih (-21.73)	8
i-tu-ja	ituja	bau	-9.071	bau (-9.07); bera (-13.72); bela (-13.72)	5
i-tu-ja-s	itujas	bau	-12.5771	bau (-12.58); tiut (-15.17); tuuʃ (-16.69)	6
i-*301-ti-j	iΘtij	bera	-13.7285	bera (-13.73); bela (-13.73); bali (-13.73)	5
i-*301-ti-ja	iΘtija	bau	-12.5668	bau (-12.57); bera (-17.04); bela (-17.04)	6
i-*301-ti-ja-s	iΘtijas	bau	-16.0727	bau (-16.07); tiut (-18.31); tuuʃ (-19.96)	7
i-*301-ti-ja-sa	iΘtijasa	bau	-18.8851	bau (-18.89); ʃutu (-20.55); kutu (-20.57)	8
i-*301-ti-ja-sa-s	iΘtijasas	bau	-22.3921	bau (-22.39); tuuʃ (-23.49); ʃutu (-23.78)	9
i-*301-ti-ja-sa-sa	iΘtijasasa	ʃutu	-22.4014	ʃutu (-22.40); kassu (-25.27); bau (-25.49)	10
i-*301-u-ja	iΘuja	bau	-13.2301	bau (-13.23); buni (-14.64); bera (-17.59)	5
i-*301-u-ti	iΘuti	bela	-13.7302	bela (-13.73); bera (-13.73); bali (-13.73)	5
i-*301-u-ti-n	iΘutin	bela	-15.218	bela (-15.22); bali (-15.22); bera (-15.22)	6
i-*301-u-ti-nu	iΘutinu	bera	-18.1009	bera (-18.10); bela (-18.10); bali (-18.10)	7
i-*301-u-ti-nu-j	iΘutinuj	bera	-21.2269	bera (-21.23); bali (-21.23); bela (-21.23)	8
i-*301-u-ti-nu-ja	iΘutinuja	bau	-23.0682	bau (-23.07); bela (-24.46); bali (-24.46)	9
i-*301-u-ti-nu-ja-s	iΘutinujas	bau	-26.5741	bau (-26.57); ʃariut (-27.34); bali (-27.75)	10
i-*301-wa-e	iΘwae	ɡuɡu	-13.0475	ɡuɡu (-13.05); dudu (-13.05); bau (-13.49)	5
i-*301-wa-e-a	iΘwaea	dudu	-14.3964	dudu (-14.40); ɡuɡu (-14.40); bau (-16.07)	6
i-*301-wa-e-a-d	iΘwaead	ɡuɡu	-16.928	ɡuɡu (-16.93); dudu (-16.93); bau (-19.04)	7
i-*301-wa-e-a-di	iΘwaeadi	dudu	-20.4093	dudu (-20.41); ɡuɡu (-20.41); du ka (-21.88)	8
i-*301-wa-e-a-di-k	iΘwaeadik	du ka	-22.8741	du ka (-22.87); duliibbe (-23.75); ɡuɡu (-23.89)	9
i-*301-wa-e-a-di-ki	iΘwaeadiki	du ka	-26.3086	du ka (-26.31); duliibbe (-26.61); dudu (-27.37)	10
i-*301-wa-j	iΘwaj	ɡuɡu	-13.0475	ɡuɡu (-13.05); dudu (-13.05); bau (-13.49)	5
i-*301-wa-ja	iΘwaja	dudu	-14.3964	dudu (-14.40); ɡuɡu (-14.40); bau (-16.07)	6
i-*301-wa-ja-a	iΘwajaa	ɡuɡu	-16.928	ɡuɡu (-16.93); dudu (-16.93); bau (-19.04)	7
i-*301-wa-ja-a-d	iΘwajaad	dudu	-19.718	dudu (-19.72); ɡuɡu (-19.72); du ka (-21.88)	8
i-*301-wa-ja-a-di	iΘwajaadi	ɡuɡu	-23.2084	ɡuɡu (-23.21); dudu (-23.21); du ka (-24.80)	9
i-*301-wa-ja-a-di-k	iΘwajaadik	du ka	-25.8514	du ka (-25.85); duliibbe (-26.66); dudu (-26.70)	10
i-*301-wa-ja-a-j	iΘwajaaj	ɡuɡu	-20.4093	ɡuɡu (-20.41); dudu (-20.41); du ka (-21.88)	8
i-*301-wa-ja-a-ja	iΘwajaaja	dudu	-23.0293	dudu (-23.03); ɡuɡu (-23.03); du ka (-24.84)	9
i-*301-wa-ja-j	iΘwajaj	ɡuɡu	-17.858	ɡuɡu (-17.86); dudu (-17.86); du ka (-19.06)	7
i-*301-wa-ja-ja	iΘwajaja	ɡuɡu	-20.1736	ɡuɡu (-20.17); dudu (-20.17); du ka (-21.95)	8
i-*301-wa-ja-ja-a	iΘwajajaa	ɡuɡu	-22.976	ɡuɡu (-22.98); dudu (-22.98); du ka (-24.93)	9
i-*301-wa-ja-ja-d	iΘwajajad	ɡuɡu	-22.976	ɡuɡu (-22.98); dudu (-22.98); du ka (-24.93)	9
i-*301-wa-ja-ja-di	iΘwajajadi	ɡuɡu	-26.4701	ɡuɡu (-26.47); dudu (-26.47); du ka (-27.97)	10
i-*301-wa-ja-ja-i	iΘwajajai	ɡuɡu	-23.6607	ɡuɡu (-23.66); dudu (-23.66); du ka (-24.93)	9
i-*301-wa-ja-ja-i-n	iΘwajajain	kidur	-26.8549	kidur (-26.85); dudu (-27.15); ɡuɡu (-27.15)	10
i-*301-wa-ja-ja-j	iΘwajajaj	dudu	-23.6607	dudu (-23.66); ɡuɡu (-23.66); du ka (-24.93)	9
i-*301-wa-ja-ja-ja	iΘwajajaja	dudu	-26.3273	dudu (-26.33); ɡuɡu (-26.33); du ka (-28.00)	10
i-*301-wa-ja-ja-s	iΘwajajas	duraʃ	-22.9626	duraʃ (-22.96); dumaʃ (-22.96); tuuʃ (-23.23)	9
i-*301-wa-ja-ja-sa	iΘwajajasa	ɡuɡu	-26.3273	ɡuɡu (-26.33); dudu (-26.33); dumaʃ (-26.47)	10
i-*301-wa-ja-s	iΘwajas	duraʃ	-16.7775	duraʃ (-16.78); dumaʃ (-16.78); tuuʃ (-17.40)	7
i-*301-wa-ja-se	iΘwajase	duraʃ	-20.282	duraʃ (-20.28); dumaʃ (-20.28); tuuʃ (-20.91)	8
i-*301-wa-ja-se-k	iΘwajasek	du ka	-22.99	du ka (-22.99); dumaʃ (-23.77); duraʃ (-23.77)	9
i-*301-wa-ja-se-ka	iΘwajaseka	du ka	-26.4337	du ka (-26.43); bau (-26.56); dudu (-26.81)	10
i-*301-wa-ja-t	iΘwajat	du ka	-17.1664	du ka (-17.17); dudu (-17.86); ɡuɡu (-17.86)	7
i-*301-wa-ja-tu	iΘwajatu	du ka	-20.5537	du ka (-20.55); ɡuɡu (-21.32); dudu (-21.32)	8
i-*301-wa-ja-tu-r	iΘwajatur	du ka	-23.9191	du ka (-23.92); duma (-24.52); ɡuɡu (-24.78)	9
i-*301-wa-ja-tu-ru	iΘwajaturu	du ka	-27.2718	du ka (-27.27); duma (-27.72); ɡuɡu (-28.25)	10
ja-a-di	jaadi	ukku	-13.9671	ukku (-13.97); uri (-15.97); tuuʃ (-16.00)	5
ja-a-di-k	jaadik	ukkubati	-14.623	ukkubati (-14.62); ʃudaba (-16.74); teumbe (-17.11)	6
ja-a-di-ki	jaadiki	ukkubati	-17.7111	ukkubati (-17.71); ʃudaba (-20.19); abebe (-20.55)	7
ja-a-di-ki-t	jaadikit	abebe	-18.6339	abebe (-18.63); ukkubati (-19.07); abba (-20.62)	8
ja-a-di-ki-te	jaadikite	abebe	-22.1321	abebe (-22.13); ukkubati (-22.46); abba (-24.12)	9
ja-a-di-ki-te-s	jaadikites	ukkubati	-24.4801	ukkubati (-24.48); ra-u-ba-sa (-25.23); abebe (-25.63)	10
ja-a-ja	jaaja	ukku	-13.5579	ukku (-13.56); dudu (-16.06); tuku (-16.06)	5
ja-di-k	jadik	ukkubati	-12.4954	ukkubati (-12.50); ʃudaba (-14.05); abba (-14.17)	5
ja-di-ki	jadiki	ukkubati	-15.5832	ukkubati (-15.58); abebe (-17.29); abba (-17.30)	6
ja-di-ki-t	jadikit	abebe	-15.3452	abebe (-15.35); ukkubati (-16.94); abba (-17.32)	7
ja-di-ki-tu	jadikitu	abebe	-18.8419	abebe (-18.84); ukkubati (-20.33); abba (-20.82)	8
ja-di-ki-tu-j	jadikituj	abebe	-22.3386	abebe (-22.34); ukkubati (-23.73); abba (-24.31)	9
ja-di-ki-tu-ja	jadikituja	bau	-25.5126	bau (-25.51); abebe (-25.84); ukkubati (-27.14)	10
ja-i-n-w	jainw	unra	-13.912	unra (-13.91); pur (-13.93); mur (-13.93)	5
ja-i-nwa	jainwa	hindu	-13.5194	hindu (-13.52); mardu (-13.52); ɡuɡu (-14.54)	6
ja-i-nwa-z	jainwaz	uri	-16.084	uri (-16.08); mardu (-17.03); hindu (-17.03)	7
ja-i-nwa-za	jainwaza	bau	-19.5793	bau (-19.58); uri (-19.59); hindu (-19.84)	8
ja-i-nwa-za-*56	jainwazaΦ	rum	-22.127	rum (-22.13); bau (-23.09); uri (-23.09)	9
ja-i-nwa-za-*56-n	jainwazaΦn	purur	-24.4447	purur (-24.44); rum (-25.63); hunir (-25.81)	10
ja-ja-a	jajaa	ukku	-13.5576	ukku (-13.56); ɡuɡu (-16.04); kutu (-16.04)	5
ja-ja-d	jajad	ukku	-13.5576	ukku (-13.56); ɡuɡu (-16.04); kutu (-16.04)	5
ja-ja-di	jajadi	ukku	-17.0598	ukku (-17.06); bau (-19.34); uri (-19.36)	6
ja-ja-di-k	jajadik	ukkubati	-17.7134	ukkubati (-17.71); ʃudaba (-19.97); teumbe (-20.27)	7
ja-ja-di-ki	jajadiki	ukkubati	-20.8015	ukkubati (-20.80); ra-u-ba-sa (-23.17); ʃudaba (-23.42)	8
ja-ja-di-ki-t	jajadikit	abebe	-21.9619	abebe (-21.96); ukkubati (-22.16); ra-u-ba-sa (-23.78)	9
ja-ja-di-ki-tu	jajadikitu	abebe	-25.4611	abebe (-25.46); ukkubati (-25.55); ra-u-ba-sa (-26.87)	10
ja-ja-i	jajai	ukku	-14.6425	ukku (-14.64); bau (-16.36); uri (-16.37)	5
ja-ja-i-n	jajain	eul	-16.3838	eul (-16.38); mur (-16.38); pur (-16.38)	6
ja-ja-i-n-w	jajainw	hun	-19.8909	hun (-19.89); mur (-19.89); eul (-19.89)	7
ja-ja-i-nwa	jajainwa	hindu	-20.0002	hindu (-20.00); mardu (-20.00); ɡuɡu (-20.55)	8
ja-ja-i-nwa-z	jajainwaz	uri	-22.4085	uri (-22.41); mardu (-23.51); hindu (-23.51)	9
ja-ja-i-nwa-za	jajainwaza	uri	-25.9129	uri (-25.91); hindu (-26.32); mardu (-26.32)	10
ja-ja-j	jajaj	ukku	-14.6425	ukku (-14.64); uri (-16.37); bau (-16.74)	5
ja-ja-ja	jajaja	ukku	-16.7679	ukku (-16.77); kutu (-19.21); ɡuɡu (-19.21)	6
ja-ja-ja-w	jajajaw	ukku	-20.2707	ukku (-20.27); yadda (-21.93); dudu (-22.01)	7
ja-ja-ja-wa	jajajawa	dudu	-19.898	dudu (-19.90); ɡuɡu (-19.90); ukku (-22.86)	8
ja-ja-s	jajas	tuuʃ	-11.0826	tuuʃ (-11.08); tiut (-13.23); uriʃ (-13.27)	5
ja-ja-sa	jajasa	ʃutu	-13.5569	ʃutu (-13.56); kutu (-13.58); tuuʃ (-14.56)	6
ja-ja-sa-s	jajasas	tuuʃ	-16.1963	tuuʃ (-16.20); ʃutu (-16.78); kutu (-17.08)	7
ja-ja-sa-sa	jajasasa	ʃutu	-15.3872	ʃutu (-15.39); ʃutur (-18.77); kutu (-19.21)	8
ja-ja-sa-sa-r	jajasasar	ʃutu	-18.8934	ʃutu (-18.89); ʃutur (-21.62); maʃuum (-22.00)	9
ja-ja-sa-sa-ra	jajasasara	ʃutu	-21.7103	ʃutu (-21.71); ʃutur (-24.46); utstsun (-25.47)	10
ja-ja-w	jajaw	ukku	-14.6425	ukku (-14.64); yadda (-15.62); dudu (-15.98)	5
ja-ja-wa	jajawa	ɡuɡu	-13.5569	ɡuɡu (-13.56); dudu (-13.56); hidu (-16.73)	6
ja-re-d	jared	ukku	-14.2331	ukku (-14.23); muru (-14.56); rum (-15.05)	5
ja-re-di	jaredi	ukku	-17.733	ukku (-17.73); muru (-17.80); mur (-18.49)	6
ja-re-di-j	jaredij	muru	-21.0904	muru (-21.09); ukku (-21.23); mur (-21.61)	7
ja-re-di-ja	jaredija	muru	-22.1759	muru (-22.18); ukku (-23.35); bau (-24.29)	8
ja-re-t	jaret	duma	-12.9245	duma (-12.92); numi (-12.92); uri (-14.78)	5
ja-re-ta	jareta	duma	-16.4278	duma (-16.43); numi (-16.43); mardu (-17.11)	6
ja-sa-s	jasas	tuuʃ	-10.0027	tuuʃ (-10.00); ʃutu (-10.44); tiut (-10.96)	5
ja-sa-sa	jasasa	ʃutu	-8.3837	ʃutu (-8.38); ʃutur (-11.77); kutu (-13.06)	6
ja-sa-sa-r	jasasar	ʃutu	-11.8898	ʃutu (-11.89); ʃutur (-14.62); maʃuum (-15.70)	7
ja-sa-sa-ra	jasasara	ʃutu	-14.7049	ʃutu (-14.70); ʃutur (-17.46); maʃuum (-19.19)	8
ja-sa-sa-ra-m	jasasaram	ʃutu	-18.212	ʃutu (-18.21); ʃutur (-20.57); tuʃʃuip (-21.10)	9
ja-sa-sa-ra-ma	jasasarama	ʃutu	-21.312	ʃutu (-21.31); ʃutur (-23.68); tuʃʃuip (-23.96)	10
ja-sa-sa-ra-me	jasasarame	ʃutu	-21.7191	ʃutu (-21.72); ʃutur (-23.80); tuʃʃuip (-24.00)	10
ja-sa-u	jasau	ʃutu	-11.0623	ʃutu (-11.06); kutu (-11.15); tuuʃ (-13.50)	5
ja-sa-u-n	jasaun	ʃutur	-11.0593	ʃutur (-11.06); kutun (-11.14); tsul (-13.25)	6
ja-sa-u-na	jasauna	ʃutur	-14.5642	ʃutur (-14.56); kutun (-14.65); tsul (-16.76)	7
ja-sa-u-na-k	jasaunak	turi	-16.0847	turi (-16.08); ʃutur (-18.07); kutun (-18.16)	8
ja-sa-u-na-ka	jasaunaka	turi	-19.589	turi (-19.59); ʃutur (-21.57); kutun (-21.66)	9
ja-sa-u-na-ka-n	jasaunakan	ʃutur	-22.9344	ʃutur (-22.93); turi (-23.08); ʃalur (-23.29)	10
ja-se-k	jasek	kuʃi	-11.8331	kuʃi (-11.83); husa (-11.83); huta (-11.83)	5
ja-se-ka	jaseka	ʃutu	-14.5389	ʃutu (-14.54); kutu (-14.65); kuʃi (-15.34)	6
ja-se-ka-n	jasekan	ʃutur	-14.5368	ʃutur (-14.54); kutun (-14.65); ʃutin (-15.22)	7
ja-se-ka-na	jasekana	ʃutur	-18.0421	ʃutur (-18.04); kutun (-18.15); ʃalur (-18.64)	8
ja-se-ka-na-s	jasekanas	tuuʃ	-18.8931	tuuʃ (-18.89); tiut (-18.90); ʃariut (-19.28)	9
ja-se-ka-na-si	jasekanasi	tuuʃ	-22.4003	tuuʃ (-22.40); tiut (-22.41); ʃariut (-22.78)	10
ja-ta-i	jatai	ukku	-14.6425	ukku (-14.64); bau (-14.78); abba (-15.28)	5
ja-ta-i-*301	jataiΘ	abba	-18.0905	abba (-18.09); ukku (-18.14); bau (-18.22)	6
ja-ta-i-*301-u	jataiΘu	abba	-21.1812	abba (-21.18); ukku (-21.63); eul (-21.64)	7
ja-ta-i-*301-u-j	jataiΘuj	abba	-24.3888	abba (-24.39); eul (-24.92); bau (-25.11)	8
ja-ta-i-*301-u-ja	jataiΘuja	ukku	-26.692	ukku (-26.69); bau (-26.93); abba (-27.66)	9
ja-tu-r	jatur	am	-12.9818	am (-12.98); rum (-14.99); ʃam (-15.25)	5
ja-tu-ru	jaturu	am	-16.487	am (-16.49); rum (-18.50); ʃam (-18.75)	6
ja-tu-ru-s	jaturus	uriʃ	-19.0299	uriʃ (-19.03); am (-19.99); ipiʃ (-20.53)	7
ja-tu-ru-sa	jaturusa	ʃutu	-21.4957	ʃutu (-21.50); kutu (-21.55); pitu (-21.78)	8
ja-tu-ru-sa-i	jaturusai	ʃutu	-24.9772	ʃutu (-24.98); kutu (-25.05); hasu (-25.29)	9
ja-tu-ru-sa-i-d	jaturusaid	ʃutu	-27.4504	ʃutu (-27.45); kutu (-27.86); hasu (-28.10)	10
ja-wa-*56	jawaΦ	dudu	-11.0623	dudu (-11.06); ɡuɡu (-11.06); duma (-12.13)	5
ka-na-s	kanas	eul	-9.0789	eul (-9.08); uriʃ (-10.41); tuuʃ (-11.08)	5
ka-na-si	kanasi	eul	-12.5851	eul (-12.59); uriʃ (-13.91); tuuʃ (-14.59)	6
ka-na-si-s	kanasis	antsi	-15.2761	antsi (-15.28); eul (-16.09); uriʃ (-16.35)	7
ka-na-si-si	kanasisi	antsi	-18.1202	antsi (-18.12); eul (-19.60); uriʃ (-19.85)	8
ka-na-si-si-r	kanasisir	antsi	-21.2322	antsi (-21.23); rum (-22.81); eul (-23.10)	9
ke-ta-n	ketan	eul	-8.3876	eul (-8.39); aal (-9.75); aain (-11.47)	5
ke-ta-na	ketana	eul	-11.8939	eul (-11.89); aal (-13.26); muru (-13.96)	6
ke-ta-na-i	ketanai	eul	-15.4001	eul (-15.40); aal (-16.76); muru (-17.47)	7
ke-ta-na-i-*301	ketanaiΘ	eul	-18.9064	eul (-18.91); aal (-20.27); muru (-20.97)	8
ke-ta-na-i-*301-t	ketanaiΘt	eul	-22.4127	eul (-22.41); uri (-23.09); ari (-23.09)	9
ke-ta-na-i-*301-ti	ketanaiΘti	eul	-25.9189	eul (-25.92); abebe (-26.15); uri (-26.60)	10
ki-te-s	kites	abebe	-11.6076	abebe (-11.61); ipiʃ (-12.18); abba (-12.29)	5
ki-te-si	kitesi	abebe	-13.0961	abebe (-13.10); abba (-14.83); ibbak (-15.28)	6
ki-te-si-r	kitesir	abebe	-15.9791	abebe (-15.98); abba (-17.86); ibbak (-18.11)	7
ki-te-si-ra	kitesira	abebe	-19.105	abebe (-19.11); bau (-19.57); abba (-21.04)	8
ki-te-t	kitet	abebe	-9.979	abebe (-9.98); abba (-11.34); aa (-12.18)	5
ki-te-te	kitete	abebe	-13.4088	abebe (-13.41); abba (-14.83); bali (-15.61)	6
ki-te-te-r	kiteter	abebe	-16.8422	abebe (-16.84); abba (-18.31); am (-18.90)	7
ki-te-te-re	kitetere	abebe	-20.2788	abebe (-20.28); abba (-21.80); ayak (-22.12)	8
ki-te-te-re-p	kiteterep	ayak	-20.2518	ayak (-20.25); ibbak (-21.80); bakkah (-22.92)	9
ki-tu-j	kituj	abebe	-11.6076	abebe (-11.61); abba (-12.29); ʃebe (-13.16)	5
ki-tu-ja	kituja	bau	-12.5772	bau (-12.58); abebe (-14.92); abba (-15.75)	6
ki-tu-ja-s	kitujas	bau	-16.0834	bau (-16.08); tiut (-18.07); abebe (-18.26)	7
ma-i-na	maina	eul	-9.0778	eul (-9.08); muru (-11.12); anaku (-12.53)	5
ma-i-na-j	mainaj	eul	-12.584	eul (-12.58); muru (-14.62); anaku (-16.03)	6
ma-i-na-ja	mainaja	eul	-16.0894	eul (-16.09); muru (-17.44); ruku (-18.00)	7
ma-i-na-ja-r	mainajar	rum	-18.6207	rum (-18.62); ahhuum (-19.51); eul (-19.59)	8
ma-i-na-ja-re	mainajare	rum	-22.1261	rum (-22.13); ahhuum (-23.02); eul (-23.10)	9
ma-i-na-ja-re-t	mainajaret	numi	-23.5001	numi (-23.50); elma (-24.87); rum (-25.63)	10
ma-na-d	manad	eul	-9.078	eul (-9.08); muru (-10.45); anaku (-11.44)	5
ma-na-da	manada	eul	-12.5825	eul (-12.58); muru (-13.56); ruku (-13.85)	6
ma-na-da-w	manadaw	eul	-16.087	eul (-16.09); muru (-17.06); ruku (-17.32)	7
ma-na-da-wa	manadawa	hindu	-19.3652	hindu (-19.37); mardu (-19.37); ɡuɡu (-19.56)	8
ma-na-da-wa-i	manadawai	mardu	-22.8715	mardu (-22.87); hindu (-22.87); ɡuɡu (-23.06)	9
ma-na-da-wa-i-j	manadawaij	mardu	-26.3778	mardu (-26.38); hindu (-26.38); dudu (-26.57)	10
ma-si-r	masir	tiut	-12.4701	tiut (-12.47); am (-12.98); ʃam (-14.15)	5
ma-si-ru	masiru	tiut	-15.9757	tiut (-15.98); am (-16.48); itsa (-17.39)	6
ma-si-ru-t	masirut	ʃiutmana	-17.2901	ʃiutmana (-17.29); abebe (-18.27); abba (-18.34)	7
ma-si-ru-te	masirute	ʃiutmana	-20.5048	ʃiutmana (-20.50); abebe (-21.64); abba (-21.82)	8
me-i-ja	meija	bau	-13.7786	bau (-13.78); abba (-14.18); ayak (-14.24)	5
me-i-ja-s	meijas	tiut	-15.6713	tiut (-15.67); tuuʃ (-16.69); ipiʃ (-17.19)	6
me-i-ja-sa	meijasa	ʃutu	-17.2231	ʃutu (-17.22); kutu (-17.25); pitu (-19.09)	7
me-i-ja-sa-s	meijasas	tuuʃ	-20.0936	tuuʃ (-20.09); ʃutu (-20.41); kutu (-20.75)	8
me-i-ja-sa-sa	meijasasa	ʃutu	-18.8969	ʃutu (-18.90); idpurattu (-22.24); ʃutur (-22.28)	9
me-i-ja-sa-u	meijasau	ʃutu	-20.7178	ʃutu (-20.72); kutu (-20.75); pitu (-22.60)	8
me-i-ja-sa-u-n	meijasaun	ʃutur	-20.7148	ʃutur (-20.71); kutun (-20.75); eul (-22.40)	9
me-i-ja-sa-u-na	meijasauna	ʃutur	-24.2205	ʃutur (-24.22); kutun (-24.26); eul (-25.91)	10
me-i-ti	meiti	abebe	-9.6203	abebe (-9.62); abba (-11.21); ibbak (-11.80)	5
me-u-na	meuna	anaku	-12.5298	anaku (-12.53); muru (-13.52); aal (-13.90)	5
me-u-na-k	meunak	eri	-13.2662	eri (-13.27); ari (-13.27); erini (-14.93)	6
me-u-na-ka	meunaka	ari	-16.7706	ari (-16.77); eri (-16.77); anaku (-16.98)	7
me-u-na-ka-n	meunakan	eul	-18.4968	eul (-18.50); ʃalur (-18.58); nan (-18.90)	8
me-u-na-ka-na	meunakana	luluki	-21.6837	luluki (-21.68); eul (-22.00); ʃalur (-22.08)	9
me-u-na-ka-na-s	meunakanas	ʃariut	-23.446	ʃariut (-23.45); luluki (-24.49); ruelpa (-25.45)	10
me-u-na-r	meunar	rum	-12.3019	rum (-12.30); numi (-15.64); anaku (-16.03)	6
me-u-na-ru	meunaru	rum	-15.8072	rum (-15.81); numi (-18.50); elma (-19.14)	7
me-u-na-ru-k	meunaruk	numi	-17.1815	numi (-17.18); elma (-17.86); rum (-19.31)	8
me-u-na-ru-ka	meunaruka	numi	-20.6854	numi (-20.69); elma (-21.37); rum (-22.82)	9
me-u-na-ru-ka-n	meunarukan	numi	-24.1894	numi (-24.19); elma (-24.87); eul (-25.51)	10
na-da-d	nadad	ruku	-9.4858	ruku (-9.49); numi (-12.36); rum (-12.39)	5
na-da-da	nadada	ruku	-12.3285	ruku (-12.33); luluki (-15.20); numi (-15.45)	6
na-da-da-u	nadadau	ruku	-15.8213	ruku (-15.82); luluki (-18.25); numi (-18.66)	7
na-da-da-u-t	nadadaut	ruku	-19.314	ruku (-19.31); luluki (-19.49); numi (-19.96)	8
na-da-da-u-ti	nadadauti	ruku	-22.8065	ruku (-22.81); luluki (-22.95); numi (-23.44)	9
na-da-da-u-ti-n	nadadautin	ruelpa	-24.9361	ruelpa (-24.94); libair (-25.80); rikur (-25.90)	10
na-da-w	nadaw	ruku	-10.3083	ruku (-10.31); numi (-12.46); luk (-12.49)	5
na-da-wa	nadawa	ruku	-12.7391	ruku (-12.74); dudu (-13.17); ɡuɡu (-13.17)	6
na-da-wa-i	nadawai	ruku	-16.2287	ruku (-16.23); dudu (-16.67); ɡuɡu (-16.67)	7
na-da-wa-i-j	nadawaij	ruku	-19.7181	ruku (-19.72); ɡuɡu (-20.17); dudu (-20.17)	8
na-da-wa-i-ja	nadawaija	ruku	-22.3297	ruku (-22.33); dudu (-22.84); ɡuɡu (-22.84)	9
na-i-da	naida	ruku	-9.9685	ruku (-9.97); numi (-12.71); luk (-12.73)	5
na-i-da-j	naidaj	ruku	-13.4484	ruku (-13.45); numi (-15.85); rum (-15.89)	6
na-i-da-ja	naidaja	ruku	-16.0438	ruku (-16.04); luluki (-18.82); numi (-19.01)	7
na-i-da-ja-s	naidajas	tuuʃ	-19.4346	tuuʃ (-19.43); ruku (-19.54); luluki (-21.90)	8
na-i-*301-t	naiΘt	rabba	-11.0822	rabba (-11.08); numi (-11.27); ni (-11.89)	5
na-i-*301-ti	naiΘti	rabba	-14.121	rabba (-14.12); numi (-14.74); ni (-15.39)	6
na-i-*301-ti-j	naiΘtij	rabba	-17.3045	rabba (-17.30); numi (-18.22); ni (-18.90)	7
na-i-*301-ti-ja	naiΘtija	bau	-19.5809	bau (-19.58); ruku (-20.48); rabba (-20.56)	8
na-i-*301-ti-ja-s	naiΘtijas	bau	-23.0868	bau (-23.09); ra-u-ba-sa (-23.63); rabba (-23.87)	9
na-i-*301-ti-ja-sa	naiΘtijasa	bau	-25.8993	bau (-25.90); ra-u-ba-sa (-26.45); ruku (-26.56)	10
na-i-*301-u	naiΘu	ruku	-13.0399	ruku (-13.04); numi (-13.25); luk (-13.26)	5
na-i-*301-u-t	naiΘut	numi	-14.5027	numi (-14.50); rabba (-14.55); ni (-15.39)	6
na-i-*301-u-ti	naiΘuti	rabba	-17.6029	rabba (-17.60); numi (-17.98); ni (-18.90)	7
na-i-*301-u-ti-n	naiΘutin	libair	-18.5425	libair (-18.54); nan (-18.89); ruelpa (-19.52)	8
na-i-*301-u-ti-nu	naiΘutinu	libair	-22.0449	libair (-22.04); ruelpa (-22.34); nan (-22.40)	9
na-i-*301-u-ti-nu-j	naiΘutinuj	ruelpa	-25.4294	ruelpa (-25.43); libair (-25.55); nan (-25.91)	10
na-ja-r	najar	rum	-8.1	rum (-8.10); ruku (-10.94); numi (-11.36)	5
na-ja-re	najare	rum	-11.6054	rum (-11.61); numi (-14.25); ruku (-14.40)	6
na-ja-re-t	najaret	numi	-12.9794	numi (-12.98); rum (-15.11); ruku (-17.86)	7
na-ja-re-ta	najareta	numi	-16.4835	numi (-16.48); rum (-18.61); ruku (-19.82)	8
na-ka-n	nakan	nan	-8.3818	nan (-8.38); rikur (-8.60); ruelpa (-9.03)	5
na-ka-na	nakana	luluki	-11.1637	luluki (-11.16); ruelpa (-11.84); nan (-11.89)	6
na-ka-na-s	nakanas	luluki	-13.9659	luluki (-13.97); ruelpa (-14.92); nan (-15.40)	7
na-ka-na-si	nakanasi	luluki	-17.0537	luluki (-17.05); ruelpa (-18.13); nahunte (-18.36)	8
na-ma-i	namai	ruku	-10.9384	ruku (-10.94); rabba (-11.78); ni (-11.89)	5
na-ma-i-n	namain	libair	-11.8351	libair (-11.84); nan (-11.89); rikur (-12.07)	6
na-ma-i-na	namaina	luluki	-14.6686	luluki (-14.67); ruelpa (-15.33); libair (-15.34)	7
na-ma-i-na-j	namainaj	luluki	-17.4714	luluki (-17.47); ruelpa (-18.42); libair (-18.84)	8
na-ma-i-na-ja	namainaja	luluki	-20.2815	luluki (-20.28); ruelpa (-21.63); libair (-22.34)	9
na-ma-i-na-ja-r	namainajar	luluki	-23.3726	luluki (-23.37); rum (-24.54); ruelpa (-24.90)	10
na-ma-s	namas	ruku	-10.9384	ruku (-10.94); tuuʃ (-11.08); uriʃ (-11.30)	5
na-ma-si	namasi	ruku	-14.3964	ruku (-14.40); tuuʃ (-14.59); uriʃ (-14.81)	6
na-ma-si-r	namasir	rum	-15.109	rum (-15.11); lim (-16.48); ruku (-17.86)	7
na-ma-si-ru	namasiru	rum	-18.6144	rum (-18.61); lim (-19.98); numi (-21.03)	8
na-ma-si-ru-t	namasirut	numi	-19.9862	numi (-19.99); rabba (-21.80); rum (-22.12)	9
na-ma-si-ru-te	namasirute	numi	-23.4905	numi (-23.49); ra-u-ba-sa (-25.04); rabba (-25.29)	10
na-ru-k	naruk	numi	-6.66	numi (-6.66); rum (-8.79); ni (-11.89)	5
na-ru-ka	naruka	numi	-10.1639	numi (-10.16); rum (-12.29); ruku (-13.85)	6
na-ru-ka-n	narukan	numi	-13.6679	numi (-13.67); nan (-15.39); rikur (-15.46)	7
na-ru-ka-na	narukana	muru	-16.4819	muru (-16.48); numi (-17.17); luluki (-18.17)	8
na-ru-ka-na-s	narukanas	muru	-19.9882	muru (-19.99); numi (-20.67); luluki (-20.97)	9
na-si-i	nasii	rabba	-12.7087	rabba (-12.71); ruku (-13.04); numi (-13.25)	5
na-si-i-p	nasiip	luk	-11.2017	luk (-11.20); ruku (-14.54); rabba (-15.55)	6
na-si-i-pi	nasiipi	luk	-14.7089	luk (-14.71); ruku (-17.42); rabba (-18.13)	7
na-si-i-pi-n	nasiipin	luk	-18.216	luk (-18.22); ruku (-20.55); libair (-21.03)	8
na-si-i-pi-na	nasiipina	ruku	-18.9014	ruku (-18.90); tsibbaru (-19.68); luk (-21.72)	9
na-si-i-pi-na-m	nasiipinam	ruku	-22.4076	ruku (-22.41); tsibbaru (-23.18); luluki (-23.27)	10
na-si-s	nasis	tuuʃ	-12.8239	tuuʃ (-12.82); tiut (-12.86); ruku (-13.04)	5
na-si-si	nasisi	utstsun	-15.8508	utstsun (-15.85); rabba (-16.15); tuuʃ (-16.33)	6
na-si-si-r	nasisir	rum	-15.7943	rum (-15.79); utstsun (-18.82); numi (-18.85)	7
na-ti-*301	natiΘ	rabba	-11.113	rabba (-11.11); ni (-11.89); numi (-12.10)	5
na-ti-*301-w	natiΘw	rabba	-14.2024	rabba (-14.20); ni (-15.39); numi (-15.53)	6
na-ti-*301-wa	natiΘwa	rapdu	-14.7732	rapdu (-14.77); ruku (-17.15); rabba (-17.41)	7
na-ti-*301-wa-j	natiΘwaj	rapdu	-18.2794	rapdu (-18.28); ruku (-20.63); rabba (-20.68)	8
na-ti-*301-wa-ja	natiΘwaja	rapdu	-21.0868	rapdu (-21.09); ruku (-23.18); ɡuɡu (-23.96)	9
nu-i-na	nuina	ruku	-12.7129	ruku (-12.71); nan (-12.83); libair (-13.17)	5
nu-i-na-i	nuinai	ruku	-15.9675	ruku (-15.97); luluki (-16.27); nan (-16.32)	6
nu-i-na-i-d	nuinaid	ruku	-17.2342	ruku (-17.23); luluki (-18.94); rabba (-19.30)	7
nu-i-na-i-da	nuinaida	ruku	-19.7559	ruku (-19.76); luluki (-21.72); rabba (-22.43)	8
nu-i-na-i-da-j	nuinaidaj	ruku	-23.2369	ruku (-23.24); luluki (-24.80); rabba (-25.66)	9
nu-i-na-i-da-ja	nuinaidaja	ruku	-25.8516	ruku (-25.85); luluki (-27.81); numi (-28.84)	10
nu-ja-s	nujas	ruku	-13.049	ruku (-13.05); tuuʃ (-13.48); tiut (-13.52)	5
nu-ja-sa	nujasa	ʃutu	-13.9333	ʃutu (-13.93); kutu (-13.96); ruku (-14.39)	6
nu-ja-sa-s	nujasas	tuuʃ	-16.7109	tuuʃ (-16.71); ʃutu (-17.05); kutu (-17.46)	7
nu-ja-sa-sa	nujasasa	ʃutu	-15.3925	ʃutu (-15.39); ʃutur (-18.78); kutu (-19.49)	8
nu-ja-sa-sa-r	nujasasar	ʃutu	-18.8987	ʃutu (-18.90); ʃutur (-21.62); rum (-21.72)	9
nu-ja-sa-sa-ra	nujasasara	ʃutu	-21.7147	ʃutu (-21.71); ʃutur (-24.47); rum (-25.22)	10
nu-*56-e-t	nuΦet	ni	-11.8879	ni (-11.89); numi (-12.10); elma (-12.92)	5
nu-*56-e-tu	nuΦetu	ni	-15.3924	ni (-15.39); numi (-15.60); elma (-16.43)	6
nu-*56-e-tu-m	nuΦetum	ni	-18.2156	ni (-18.22); numi (-18.38); lani (-18.96)	7
nu-*56-e-tu-me	nuΦetume	ni	-21.7219	ni (-21.72); numi (-21.89); lani (-22.40)	8
nu-*56-e-tu-me-i	nuΦetumei	rabba	-24.8633	rabba (-24.86); ni (-25.23); numi (-25.39)	9
nu-*56-e-tu-me-i-j	nuΦetumeij	rabba	-27.7759	rabba (-27.78); ni (-28.73); numi (-28.90)	10
nwa-za	nwaza	rapdu	-10.3591	rapdu (-10.36); ruku (-10.94); dudu (-10.94)	5
nwa-za-*56	nwazaΦ	rum	-11.6063	rum (-11.61); lim (-12.98); rapdu (-13.87)	6
nwa-za-*56-n	nwazaΦn	rum	-15.1116	rum (-15.11); nan (-15.39); rikur (-15.43)	7
nwa-za-*56-ni	nwazaΦni	rum	-18.6169	rum (-18.62); ruelpa (-18.84); nan (-18.90)	8
o-sa-re	osare	maʃuum	-12.3334	maʃuum (-12.33); ʃutu (-13.05); tuku (-13.28)	5
o-sa-re-j	osarej	maʃuum	-15.8008	maʃuum (-15.80); ʃutu (-16.36); tuku (-16.55)	6
o-sa-re-ja	osareja	ʃutu	-17.3321	ʃutu (-17.33); tuku (-17.36); muru (-18.37)	7
pi-na-m	pinam	halla	-11.0822	halla (-11.08); pirni (-11.08); hani (-11.10)	5
pi-na-ma	pinama	bau	-12.5725	bau (-12.57); puhu (-14.39); kutu (-14.39)	6
pi-na-ma-i	pinamai	bau	-16.0785	bau (-16.08); puhu (-17.85); kutu (-17.86)	7
pi-na-ma-i-n	pinamain	huel	-16.0733	huel (-16.07); purur (-16.49); pur (-17.52)	8
pi-na-ma-i-na	pinamaina	huel	-19.5802	huel (-19.58); purur (-19.83); pur (-21.03)	9
pi-na-ma-i-na-j	pinamainaj	huel	-23.0871	huel (-23.09); purur (-23.19); luluki (-24.49)	10
pi-na-ma-s	pinamas	kurat	-14.3221	kurat (-14.32); kuraʃ (-14.32); halat (-14.59)	7
pi-na-ma-si	pinamasi	kurat	-17.829	kurat (-17.83); kuraʃ (-17.83); halat (-18.09)	8
pi-na-ma-si-r	pinamasir	kurat	-21.3359	kurat (-21.34); kuraʃ (-21.34); halat (-21.60)	9
pi-na-ma-si-ru	pinamasiru	putmaʃ	-24.699	putmaʃ (-24.70); kurat (-24.84); kuraʃ (-24.84)	10
ra-ma-n	raman	mur	-8.1001	mur (-8.10); eul (-9.07); mar (-9.47)	5
ra-ma-na	ramana	muru	-8.7884	muru (-8.79); mur (-11.61); eul (-12.57)	6
ra-ma-na-d	ramanad	muru	-11.6042	muru (-11.60); mur (-15.11); mardu (-15.95)	7
ra-ma-na-da	ramanada	muru	-14.7065	muru (-14.71); mur (-18.62); mardu (-18.79)	8
ra-ma-na-da-w	ramanadaw	muru	-18.2139	muru (-18.21); mardu (-22.03); mur (-22.12)	9
ra-ma-na-da-wa	ramanadawa	mardu	-20.6746	mardu (-20.67); muru (-21.43); hindu (-25.35)	10
ra-me-i	ramei	muru	-14.1342	muru (-14.13); mur (-14.35); mete (-14.82)	5
ra-me-i-t	rameit	abebe	-14.9279	abebe (-14.93); abba (-15.44); ʃebe (-15.53)	6
ra-me-i-ti	rameiti	abebe	-16.5746	abebe (-16.57); abba (-18.18); ibbak (-18.80)	7
ra-me-u	rameu	muru	-14.1342	muru (-14.13); mur (-14.35); mete (-14.82)	5
ra-me-u-n	rameun	mur	-12.2962	mur (-12.30); mar (-12.98); meen (-14.72)	6
ra-me-u-na	rameuna	muru	-12.9853	muru (-12.99); mur (-15.80); mar (-16.48)	7
ra-me-u-na-k	rameunak	muru	-16.4915	muru (-16.49); mur (-19.31); uri (-19.59)	8
ra-me-u-na-ka	rameunaka	muru	-19.3067	muru (-19.31); muʃnuik (-22.49); mardu (-22.67)	9
ra-me-u-na-ka-n	rameunakan	muru	-22.8111	muru (-22.81); purur (-24.38); ʃalur (-24.63)	10
ra-me-u-na-r	rameunar	muru	-16.4915	muru (-16.49); mur (-19.31); rum (-19.31)	8
ra-me-u-na-ru	rameunaru	muru	-19.9978	muru (-20.00); mur (-22.81); rum (-22.82)	9
ra-me-u-na-ru-k	rameunaruk	muru	-23.504	muru (-23.50); numi (-24.19); elma (-24.87)	10
re-di-j	redij	muru	-14.1422	muru (-14.14); mur (-14.61); bau (-16.37)	5
re-di-ja	redija	muru	-15.1797	muru (-15.18); bau (-17.35); mur (-17.64)	6
re-i-ke	reike	bera	-14.2596	bera (-14.26); bali (-14.26); bela (-14.26)	5
re-i-ke-t	reiket	bela	-15.6956	bela (-15.70); bera (-15.70); bali (-15.70)	6
re-i-ke-ta	reiketa	bau	-15.4009	bau (-15.40); bali (-19.12); bela (-19.12)	7
re-i-ke-ta-n	reiketan	meen	-17.8347	meen (-17.83); eul (-18.91); bau (-18.91)	8
re-i-ke-ta-na	reiketana	muru	-19.9869	muru (-19.99); meen (-21.34); bau (-21.72)	9
re-i-ke-ta-na-i	reiketanai	muru	-23.4932	muru (-23.49); meen (-24.85); bau (-25.23)	10
ri-da-u	ridau	muru	-12.5087	muru (-12.51); buni (-13.05); bau (-13.49)	5
ru-ka-n	rukan	mur	-8.7874	mur (-8.79); eul (-9.07); mar (-9.47)	5
ru-ka-na	rukana	muru	-9.4766	muru (-9.48); mur (-12.29); eul (-12.58)	6
ru-ka-na-s	rukanas	muru	-12.9829	muru (-12.98); mur (-15.80); meulli (-15.99)	7
ru-sa-i	rusai	ʃutu	-13.0475	ʃutu (-13.05); tuku (-13.57); kutu (-13.93)	5
ru-sa-i-d	rusaid	ʃutu	-14.3964	ʃutu (-14.40); tuku (-14.50); tuuʃ (-15.18)	6
ru-sa-i-da	rusaida	ʃutu	-16.928	ʃutu (-16.93); tuku (-16.98); tuuʃ (-17.42)	7
ru-sa-i-da-a	rusaidaa	ʃutu	-19.718	ʃutu (-19.72); tuku (-19.75); tuuʃ (-20.05)	8
ru-sa-i-da-a-u	rusaidaau	tuuʃ	-23.1023	tuuʃ (-23.10); ʃutu (-23.21); tuku (-23.24)	9
ru-te-i	rutei	mete	-14.8245	mete (-14.82); mar (-15.21); meen (-15.26)	5
ru-te-i-d	ruteid	mardu	-15.9968	mardu (-16.00); muru (-17.43); bau (-17.52)	6
ru-te-i-di	ruteidi	abba	-18.7795	abba (-18.78); ibbak (-18.86); mardu (-19.50)	7
sa-i-da	saida	ʃutu	-9.9677	ʃutu (-9.97); tuku (-9.97); tuuʃ (-10.41)	5
sa-i-da-a	saidaa	ʃutu	-12.7385	ʃutu (-12.74); tuku (-12.74); tuuʃ (-13.04)	6
sa-i-da-a-u	saidaau	tuuʃ	-16.088	tuuʃ (-16.09); ʃutu (-16.23); tuku (-16.23)	7
sa-ra-m	saram	sukma	-9.7683	sukma (-9.77); ʃutu (-10.94); tuku (-10.94)	5
sa-ra-ma	sarama	ʃutu	-13.2007	ʃutu (-13.20); tuku (-13.20); sukma (-13.27)	6
sa-ra-ma-n	saraman	ʃutur	-13.1981	ʃutur (-13.20); ʃutin (-14.41); mur (-15.11)	7
sa-ra-ma-na	saramana	muru	-15.7965	muru (-15.80); ʃutur (-16.70); ʃutin (-17.92)	8
sa-ra-ma-na-d	saramanad	muru	-18.6123	muru (-18.61); ʃutur (-20.21); ʃalur (-21.41)	9
sa-ra-ma-na-da	saramanada	muru	-21.7146	muru (-21.71); ʃutur (-23.71); ʃalur (-24.47)	10
sa-ra-me	sarame	sukma	-13.2702	sukma (-13.27); tuuʃ (-14.15); ʃutu (-14.40)	6
sa-ra-me-i	saramei	sukma	-16.7712	sukma (-16.77); tuuʃ (-17.38); ʃudaba (-17.78)	7
sa-ra-me-i-t	sarameit	ʃudaba	-15.8163	ʃudaba (-15.82); ʃebe (-16.77); teumbe (-16.93)	8
sa-ra-me-i-ti	sarameiti	ʃudaba	-19.3097	ʃudaba (-19.31); ʃebe (-20.26); teumbe (-20.43)	9
sa-ra-me-u	sarameu	sukma	-16.7712	sukma (-16.77); tuuʃ (-17.38); ʃutu (-17.85)	7
sa-ra-me-u-n	sarameun	ʃutur	-17.8491	ʃutur (-17.85); ʃutin (-17.89); sir (-18.89)	8
sa-ra-me-u-na	sarameuna	muru	-19.9906	muru (-19.99); ʃutur (-21.35); ʃutin (-21.40)	9
sa-ra-me-u-na-k	sarameunak	turi	-22.4054	turi (-22.41); ʃuntina (-22.98); muru (-23.50)	10
sa-ra-me-u-na-r	sarameunar	ʃukurrum	-21.3898	ʃukurrum (-21.39); muru (-23.50); ʃutur (-24.86)	10
sa-re-j	sarej	ʃutu	-13.0343	ʃutu (-13.03); tuku (-13.04); tuuʃ (-13.22)	5
sa-re-ja	sareja	ʃutu	-13.8512	ʃutu (-13.85); tuku (-13.85); tuuʃ (-15.07)	6
sa-sa-r	sasar	ʃutu	-4.8811	ʃutu (-4.88); ʃutur (-7.61); tuuʃ (-9.98)	5
sa-sa-ra	sasara	ʃutu	-7.6951	ʃutu (-7.70); ʃutur (-10.45); tuʃʃuip (-12.91)	6
sa-sa-ra-m	sasaram	ʃutu	-11.2022	ʃutu (-11.20); ʃutur (-13.56); tuʃʃuip (-14.58)	7
sa-sa-ra-ma	sasarama	ʃutu	-14.3019	ʃutu (-14.30); ʃutur (-16.67); tuʃʃuip (-17.43)	8
sa-sa-ra-ma-n	sasaraman	ʃutur	-14.2982	ʃutur (-14.30); ʃutin (-16.07); tsul (-17.12)	9
sa-sa-ra-ma-na	sasaramana	ʃutur	-17.8051	ʃutur (-17.81); ʃutin (-19.57); tsul (-20.62)	10
sa-sa-ra-me	sasarame	ʃutu	-14.7093	ʃutu (-14.71); ʃutur (-16.79); tuʃʃuip (-17.48)	8
sa-sa-ra-me-i	sasaramei	ʃutu	-18.2164	ʃutu (-18.22); ʃutur (-20.08); tuʃʃuip (-20.61)	9
sa-sa-ra-me-i-t	sasarameit	ʃudaba	-21.686	ʃudaba (-21.69); ʃutu (-21.72); teumbe (-22.44)	10
sa-sa-ra-me-u	sasarameu	ʃutu	-18.2164	ʃutu (-18.22); ʃutur (-20.08); tuʃʃuip (-20.61)	9
sa-sa-ra-me-u-n	sasarameun	ʃutur	-18.2108	ʃutur (-18.21); ʃutin (-19.57); tsul (-21.03)	10
sa-u-na	sauna	ʃutur	-10.0379	ʃutur (-10.04); tsul (-10.41); turi (-10.44)	5
sa-u-na-k	saunak	turi	-9.0722	turi (-9.07); sunki (-11.66); uri (-12.58)	6
sa-u-na-ka	saunaka	turi	-12.5764	turi (-12.58); sunki (-15.12); tranku (-15.97)	7
sa-u-na-ka-n	saunakan	turi	-16.0702	turi (-16.07); ʃalur (-16.30); ʃutur (-16.47)	8
sa-u-na-ka-na	saunakana	tranku	-19.3664	tranku (-19.37); turi (-19.56); ʃalur (-19.77)	9
se-ka-n	sekan	san	-8.3819	san (-8.38); sir (-8.38); ʃin (-8.38)	5
se-ka-na	sekana	ʃalur	-11.6223	ʃalur (-11.62); sir (-11.89); ʃin (-11.89)	6
se-ka-na-s	sekanas	tuuʃ	-11.8825	tuuʃ (-11.88); tiut (-11.89); ʃariut (-12.26)	7
se-ka-na-si	sekanasi	tuuʃ	-15.3897	tuuʃ (-15.39); tiut (-15.39); ʃariut (-15.77)	8
se-ka-na-si-s	sekanasis	tuuʃ	-18.202	tuuʃ (-18.20); tiut (-18.21); ʃariut (-18.54)	9
se-ka-na-si-si	sekanasisi	tuuʃ	-21.7096	tuuʃ (-21.71); tiut (-21.72); ʃariut (-22.05)	10
se-ra-t	serat	sukma	-11.6833	sukma (-11.68); ʃami (-12.06); ʃuha (-12.18)	5
se-ra-te	serate	sukma	-15.18	sukma (-15.18); siya (-15.21); ʃami (-15.53)	6
se-to-i	setoi	ʃam	-9.4778	ʃam (-9.48); ʃebe (-11.75); tibbe (-11.78)	5
se-to-i-j	setoij	ʃam	-12.9829	ʃam (-12.98); tibbe (-14.58); ʃebe (-14.62)	6
se-to-i-ja	setoija	ʃam	-16.488	ʃam (-16.49); tibbe (-17.67); ʃebe (-17.74)	7
si-i-pi	siipi	tibbe	-12.0708	tibbe (-12.07); tuk (-12.85); sah (-12.85)	5
si-i-pi-n	siipin	tsabar	-14.7387	tsabar (-14.74); tibbe (-15.08); tsibbaru (-15.43)	6
si-i-pi-na	siipina	tsibbaru	-12.735	tsibbaru (-12.73); tuku (-17.02); tsabar (-18.23)	7
si-i-pi-na-m	siipinam	tsibbaru	-16.232	tsibbaru (-16.23); tibbe (-17.43); abbara (-19.84)	8
si-i-pi-na-ma	siipinama	tsibbaru	-18.9595	tsibbaru (-18.96); tibbe (-20.94); ʃiprium (-21.80)	9
si-i-pi-na-ma-i	siipinamai	tsibbaru	-22.4623	tsibbaru (-22.46); tibbe (-24.43); ʃiprium (-24.65)	10
si-ru-t	sirut	ʃebe	-11.719	ʃebe (-11.72); tibbe (-11.75); ʃami (-12.06)	5
si-ru-te	sirute	ʃebe	-15.197	ʃebe (-15.20); tibbe (-15.24); ʃami (-15.53)	6
si-ru-te-i	sirutei	tibbe	-18.0221	tibbe (-18.02); ʃebe (-18.09); siya (-18.70)	7
si-ru-te-i-d	siruteid	bau	-19.581	bau (-19.58); tibbe (-21.10); ʃebe (-21.22)	8
si-ru-te-i-di	siruteidi	tibbe	-22.2357	tibbe (-22.24); bau (-23.09); ʃebe (-24.24)	9
si-si-r	sisir	tsul	-12.8592	tsul (-12.86); tsin (-12.86); tibbe (-12.98)	5
ta-i-*301-u	taiΘu	abba	-14.1813	abba (-14.18); eul (-14.64); bau (-15.47)	5
ta-i-*301-u-j	taiΘuj	abba	-17.3881	abba (-17.39); eul (-17.93); bau (-18.84)	6
ta-i-*301-u-ja	taiΘuja	bau	-20.1184	bau (-20.12); abba (-20.66); ukku (-20.71)	7
ta-i-*301-w	taiΘw	abba	-14.1813	abba (-14.18); eul (-14.64); iɡi (-15.25)	5
ta-i-*301-wa	taiΘwa	dudu	-14.5396	dudu (-14.54); ɡuɡu (-14.54); hidu (-15.67)	6
ta-i-*301-wa-e	taiΘwae	ɡuɡu	-18.0196	ɡuɡu (-18.02); dudu (-18.02); hidu (-19.18)	7
ta-i-*301-wa-e-a	taiΘwaea	dudu	-20.476	dudu (-20.48); ɡuɡu (-20.48); hidu (-22.00)	8
ta-i-*301-wa-e-a-d	taiΘwaead	dudu	-23.3144	dudu (-23.31); ɡuɡu (-23.31); hidu (-25.10)	9
ta-i-*301-wa-e-a-di	taiΘwaeadi	ɡuɡu	-26.8079	ɡuɡu (-26.81); dudu (-26.81); hidu (-28.61)	10
ta-i-*301-wa-j	taiΘwaj	ɡuɡu	-18.0196	ɡuɡu (-18.02); dudu (-18.02); hidu (-19.18)	7
ta-i-*301-wa-ja	taiΘwaja	dudu	-20.476	dudu (-20.48); ɡuɡu (-20.48); hidu (-22.00)	8
ta-i-*301-wa-ja-a	taiΘwajaa	dudu	-23.3144	dudu (-23.31); ɡuɡu (-23.31); hidu (-25.10)	9
ta-i-*301-wa-ja-a-d	taiΘwajaad	dudu	-26.2824	dudu (-26.28); ɡuɡu (-26.28); hidu (-28.32)	10
ta-i-*301-wa-ja-a-j	taiΘwajaaj	dudu	-26.8079	dudu (-26.81); ɡuɡu (-26.81); hidu (-28.61)	10
ta-i-*301-wa-ja-j	taiΘwajaj	ɡuɡu	-23.965	ɡuɡu (-23.96); dudu (-23.96); hidu (-25.50)	9
ta-i-*301-wa-ja-ja	taiΘwajaja	dudu	-26.6736	dudu (-26.67); ɡuɡu (-26.67); hidu (-28.61)	10
ta-i-*301-wa-ja-s	taiΘwajas	tuuʃ	-23.5457	tuuʃ (-23.55); duraʃ (-23.79); dumaʃ (-23.79)	9
ta-i-*301-wa-ja-se	taiΘwajase	tuuʃ	-27.0528	tuuʃ (-27.05); duraʃ (-27.29); dumaʃ (-27.29)	10
ta-i-*301-wa-ja-t	taiΘwajat	iɡi	-23.7767	iɡi (-23.78); ɡuɡu (-23.96); dudu (-23.96)	9
ta-i-*301-wa-ja-tu	taiΘwajatu	iɡi	-27.2811	iɡi (-27.28); dudu (-27.45); ɡuɡu (-27.45)	10
ta-na-i	tanai	eul	-9.0789	eul (-9.08); muru (-11.15); anaku (-12.53)	5
ta-na-i-*301	tanaiΘ	eul	-12.5851	eul (-12.59); muru (-14.65); anaku (-16.02)	6
ta-na-i-*301-t	tanaiΘt	uri	-16.0803	uri (-16.08); eul (-16.09); eri (-16.77)	7
ta-na-i-*301-ti	tanaiΘti	uri	-19.5847	uri (-19.58); eul (-19.60); abebe (-20.05)	8
ta-na-i-*301-ti-j	tanaiΘtij	abebe	-22.9567	abebe (-22.96); uri (-23.09); eul (-23.10)	9
ta-na-i-*301-ti-ja	tanaiΘtija	abebe	-26.0917	abebe (-26.09); anaku (-26.54); bau (-26.59)	10
ta-na-i-*301-u	tanaiΘu	eul	-16.0914	eul (-16.09); muru (-18.16); anaku (-19.51)	7
ta-na-i-*301-u-t	tanaiΘut	uri	-19.5829	uri (-19.58); eul (-19.60); ari (-20.27)	8
ta-na-i-*301-u-ti	tanaiΘuti	uri	-23.0873	uri (-23.09); eul (-23.10); abebe (-23.53)	9
ta-na-i-*301-u-ti-n	tanaiΘutin	purur	-25.164	purur (-25.16); annain (-25.43); innain (-25.43)	10
te-i-da	teida	bau	-13.3578	bau (-13.36); buni (-13.58); abba (-14.18)	5
te-i-da-j	teidaj	buni	-16.5606	buni (-16.56); bau (-16.85); abba (-17.39)	6
te-i-da-ja	teidaja	buni	-19.5898	buni (-19.59); bau (-19.60); ukku (-20.56)	7
te-i-da-ja-j	teidajaj	buni	-22.7675	buni (-22.77); bau (-23.10); ahhuum (-23.87)	8
te-i-da-ja-ja	teidajaja	buni	-25.9564	buni (-25.96); bau (-26.04); ukku (-26.53)	9
te-i-di	teidi	abba	-11.7714	abba (-11.77); ibbak (-11.85); buni (-13.97)	5
te-re-p	terep	ayak	-11.1007	ayak (-11.10); am (-12.98); hap (-14.91)	5
te-si-r	tesir	am	-12.9766	am (-12.98); ʃam (-14.15); atti (-14.18)	5
te-si-ra	tesira	hasu	-15.8657	hasu (-15.87); pitu (-15.87); ʃutu (-16.36)	6
te-te-r	teter	am	-12.2957	am (-12.30); ayak (-12.59); aa (-13.25)	5
te-te-re	tetere	ayak	-15.7518	ayak (-15.75); am (-15.80); aa (-16.75)	6
te-te-re-p	teterep	ayak	-13.925	ayak (-13.93); aapih (-18.24); am (-19.31)	7
ti-ja-s	tijas	tiut	-12.2593	tiut (-12.26); tuuʃ (-13.48); bau (-13.77)	5
ti-ja-sa	tijasa	ʃutu	-13.9333	ʃutu (-13.93); kutu (-13.96); pitu (-15.67)	6
ti-ja-sa-s	tijasas	tuuʃ	-16.7109	tuuʃ (-16.71); ʃutu (-17.05); tiut (-17.42)	7
ti-ja-sa-sa	tijasasa	ʃutu	-15.3925	ʃutu (-15.39); ʃutur (-18.78); idpurattu (-19.04)	8
ti-ja-sa-sa-r	tijasasar	ʃutu	-18.8987	ʃutu (-18.90); maʃuum (-20.95); ʃutur (-21.62)	9
ti-nu-i	tinui	abba	-11.7474	abba (-11.75); ibbak (-11.85); abbara (-13.68)	5
ti-nu-i-n	tinuin	abba	-14.6048	abba (-14.60); ibbak (-14.65); abbara (-15.01)	6
ti-nu-i-na	tinuina	abba	-17.7214	abba (-17.72); ibbak (-17.74); abbara (-17.86)	7
ti-nu-i-na-i	tinuinai	ibbak	-20.5596	ibbak (-20.56); abba (-20.57); abbara (-20.93)	8
ti-nu-i-na-i-d	tinuinaid	ibbak	-23.6536	ibbak (-23.65); abba (-23.68); anaku (-23.89)	9
ti-nu-i-na-i-da	tinuinaida	ruku	-26.7709	ruku (-26.77); anaku (-26.81); ibbak (-26.86)	10
ti-nu-j	tinuj	abba	-13.9157	abba (-13.92); abbara (-14.13); aal (-14.19)	5
ti-nu-ja	tinuja	anaku	-14.9232	anaku (-14.92); bau (-16.68); ruku (-16.78)	6
ti-nu-ja-s	tinujas	ʃariut	-18.1488	ʃariut (-18.15); anaku (-18.43); antsi (-18.74)	7
ti-nu-ja-sa	tinujasa	ʃutu	-20.5518	ʃutu (-20.55); kutu (-20.57); anaku (-20.94)	8
ti-nu-ja-sa-s	tinujasas	antsi	-22.2832	antsi (-22.28); tuuʃ (-23.49); ʃutu (-23.78)	9
ti-nu-ja-sa-sa	tinujasasa	ʃutu	-22.4014	ʃutu (-22.40); antsi (-25.13); idpurattu (-25.24)	10
ti-*301-wa	tiΘwa	hidu	-12.2623	hidu (-12.26); ɡuɡu (-13.04); dudu (-13.04)	5
ti-*301-wa-j	tiΘwaj	hidu	-15.7686	hidu (-15.77); ɡuɡu (-16.36); dudu (-16.36)	6
ti-*301-wa-ja	tiΘwaja	ɡuɡu	-17.8561	ɡuɡu (-17.86); dudu (-17.86); hidu (-18.58)	7
to-i-ja	toija	am	-12.9871	am (-12.99); bau (-13.78); abba (-14.18)	5
to-sa-r	tosar	tamʃium	-10.9744	tamʃium (-10.97); maʃuum (-11.83); am (-12.30)	5
to-sa-re	tosare	tamʃium	-14.4789	tamʃium (-14.48); maʃuum (-15.30); am (-15.80)	6
to-sa-re-j	tosarej	tamʃium	-17.9831	tamʃium (-17.98); maʃuum (-18.76); am (-19.31)	7
to-sa-re-ja	tosareja	ʃutu	-20.8129	ʃutu (-20.81); tuku (-20.87); tamʃium (-21.47)	8
tu-ja-s	tujas	tiut	-12.2593	tiut (-12.26); tuuʃ (-13.48); ipiʃ (-13.93)	5
tu-me-i	tumei	aa	-13.2525	aa (-13.25); abba (-14.37); ayak (-14.63)	5
tu-me-i-j	tumeij	aa	-16.7533	aa (-16.75); abba (-17.28); ayak (-17.45)	6
tu-me-i-ja	tumeija	aa	-20.2541	aa (-20.25); abba (-20.40); bau (-20.52)	7
tu-me-i-ja-s	tumeijas	tiut	-21.5422	tiut (-21.54); ipiʃ (-22.46); ʃimiut (-22.75)	8
tu-me-i-ja-sa	tumeijasa	ʃutu	-23.9076	ʃutu (-23.91); kutu (-23.92); hasu (-25.02)	9
tu-me-i-ja-sa-s	tumeijasas	tuuʃ	-26.8969	tuuʃ (-26.90); ʃutu (-27.17); tiut (-27.18)	10
tu-me-i-ja-sa-u	tumeijasau	ʃutu	-27.4055	ʃutu (-27.41); kutu (-27.43); pitu (-28.52)	10
tu-ru-s	turus	am	-12.9836	am (-12.98); ipiʃ (-13.93); tit (-14.91)	5
tu-ru-sa	turusa	hasu	-15.6753	hasu (-15.68); pitu (-15.68); ʃutu (-16.35)	6
tu-ru-sa-i	turusai	pitu	-19.1815	pitu (-19.18); hasu (-19.18); ʃutu (-19.71)	7
tu-ru-sa-i-d	turusaid	ʃutu	-21.3168	ʃutu (-21.32); tuku (-21.51); hasu (-22.00)	8
tu-ru-sa-i-da	turusaida	ʃutu	-23.8882	ʃutu (-23.89); tuku (-24.00); maʃuum (-24.36)	9
tu-ru-sa-i-da-a	turusaidaa	ʃutu	-26.6968	ʃutu (-26.70); tuku (-26.77); maʃuum (-26.98)	10
u-i-na-i	uinai	ruku	-13.5737	ruku (-13.57); bau (-13.84); buni (-13.88)	5
u-i-na-i-d	uinaid	ruku	-14.4955	ruku (-14.50); bau (-16.19); buni (-16.51)	6
u-i-na-i-da	uinaida	ruku	-16.9827	ruku (-16.98); bau (-19.03); buni (-19.34)	7
u-i-na-i-da-j	uinaidaj	ruku	-20.4626	ruku (-20.46); buni (-22.44); bau (-22.53)	8
u-i-na-i-da-ja	uinaidaja	ruku	-23.0581	ruku (-23.06); bau (-25.48); buni (-25.57)	9
u-i-na-i-da-ja-s	uinaidajas	tuuʃ	-25.9623	tuuʃ (-25.96); ruku (-26.55); ʃariut (-28.72)	10
u-ja-sa	ujasa	ʃutu	-10.7043	ʃutu (-10.70); kutu (-10.74); tuuʃ (-13.49)	5
u-ja-sa-s	ujasas	tuuʃ	-13.3453	tuuʃ (-13.35); ʃutu (-13.73); kutu (-14.24)	6
u-ja-sa-sa	ujasasa	ʃutu	-11.8881	ʃutu (-11.89); ʃutur (-15.28); kutu (-16.23)	7
u-ja-sa-sa-r	ujasasar	ʃutu	-15.3943	ʃutu (-15.39); ʃutur (-18.12); maʃuum (-18.79)	8
u-ja-sa-sa-ra	ujasasara	ʃutu	-18.2098	ʃutu (-18.21); ʃutur (-20.97); maʃuum (-22.29)	9
u-ja-sa-sa-ra-m	ujasasaram	ʃutu	-21.7169	ʃutu (-21.72); ʃutur (-24.08); tuʃʃuip (-24.43)	10
u-ka-na	ukana	eul	-9.0769	eul (-9.08); muru (-10.74); anaku (-12.53)	5
u-ka-na-s	ukanas	eul	-12.5832	eul (-12.58); uriʃ (-13.91); tuuʃ (-14.19)	6
u-me-i-j	umeij	abba	-14.5917	abba (-14.59); ayak (-14.65); abebe (-16.34)	5
u-me-i-ja	umeija	bau	-17.1808	bau (-17.18); abba (-17.68); ayak (-17.74)	6
u-me-i-ja-s	umeijas	tiut	-18.6233	tiut (-18.62); tuuʃ (-19.96); ʃariut (-20.47)	7
u-me-i-ja-sa	umeijasa	ʃutu	-20.5518	ʃutu (-20.55); kutu (-20.57); hasu (-22.08)	8
u-me-i-ja-sa-s	umeijasas	tuuʃ	-23.4899	tuuʃ (-23.49); ʃutu (-23.78); kutu (-24.07)	9
u-me-i-ja-sa-sa	umeijasasa	ʃutu	-22.4014	ʃutu (-22.40); kassu (-25.57); idpurattu (-25.73)	10
u-me-i-ja-sa-u	umeijasau	ʃutu	-24.0484	ʃutu (-24.05); kutu (-24.08); pitu (-25.58)	9
u-me-i-ja-sa-u-n	umeijasaun	ʃutur	-24.0454	ʃutur (-24.05); kutun (-24.07); eul (-25.91)	10
u-na-ka	unaka	ruku	-10.9886	ruku (-10.99); ni (-11.89); numi (-12.11)	5
u-na-ka-n	unakan	nan	-11.8888	nan (-11.89); rikur (-12.11); ruelpa (-12.54)	6
u-na-ka-na	unakana	luluki	-14.6704	luluki (-14.67); ruelpa (-15.34); nan (-15.40)	7
u-na-ka-na-s	unakanas	luluki	-17.4728	luluki (-17.47); ruelpa (-18.43); ʃariut (-18.73)	8
u-na-ka-na-si	unakanasi	luluki	-20.5607	luluki (-20.56); ruelpa (-21.64); nahunte (-21.87)	9
u-na-ru	unaru	rum	-8.7929	rum (-8.79); numi (-11.48); ruku (-13.28)	5
u-na-ru-k	unaruk	numi	-10.1672	numi (-10.17); rum (-12.30); ni (-15.39)	6
u-na-ru-ka	unaruka	numi	-13.6711	numi (-13.67); rum (-15.80); ruku (-17.36)	7
u-na-ru-ka-n	unarukan	numi	-17.175	numi (-17.18); nan (-18.90); rikur (-18.96)	8
u-na-ru-ka-na	unarukana	muru	-19.9841	muru (-19.98); numi (-20.68); luluki (-21.68)	9
u-na-ru-ka-na-s	unarukanas	muru	-23.4904	muru (-23.49); numi (-24.18); luluki (-24.48)	10
u-ru-sa	urusa	ʃutu	-13.0373	ʃutu (-13.04); kutu (-13.52); pitu (-13.52)	5
u-ru-sa-i	urusai	ʃutu	-16.3631	ʃutu (-16.36); kutu (-17.02); hasu (-17.03)	6
u-ru-sa-i-d	urusaid	ʃutu	-17.8561	ʃutu (-17.86); tuku (-18.00); tuuʃ (-18.68)	7
u-ru-sa-i-da	urusaida	ʃutu	-20.4081	ʃutu (-20.41); tuku (-20.49); tuuʃ (-20.93)	8
u-ru-sa-i-da-a	urusaidaa	ʃutu	-23.2075	ʃutu (-23.21); tuku (-23.26); tuuʃ (-23.56)	9
u-ru-sa-i-da-a-u	urusaidaau	tuuʃ	-26.6094	tuuʃ (-26.61); ʃutu (-26.70); tuku (-26.75)	10
u-sa-i-d	usaid	ʃutu	-10.9377	ʃutu (-10.94); tuku (-10.99); tuuʃ (-11.67)	5
u-sa-i-da	usaida	ʃutu	-13.4479	ʃutu (-13.45); tuku (-13.48); tuuʃ (-13.92)	6
u-sa-i-da-a	usaidaa	ʃutu	-16.2283	ʃutu (-16.23); tuku (-16.25); tuuʃ (-16.55)	7
u-sa-i-da-a-u	usaidaau	tuuʃ	-19.5952	tuuʃ (-19.60); ʃutu (-19.72); tuku (-19.74)	8
u-te-i-d	uteid	bau	-14.158	bau (-14.16); abba (-14.59); buni (-14.68)	5
u-te-i-di	uteidi	abba	-15.2755	abba (-15.28); ibbak (-15.35); buni (-17.48)	6
u-ti-nu	utinu	aal	-13.9069	aal (-13.91); aain (-14.20); abba (-14.21)	5
u-ti-nu-i	utinui	abba	-15.2514	abba (-15.25); ibbak (-15.35); abbara (-17.18)	6
u-ti-nu-i-n	utinuin	abba	-18.109	abba (-18.11); ibbak (-18.16); abbara (-18.51)	7
u-ti-nu-i-na	utinuina	tsibbaru	-19.2636	tsibbaru (-19.26); abba (-21.23); ibbak (-21.25)	8
u-ti-nu-i-na-i	utinuinai	tsibbaru	-22.7695	tsibbaru (-22.77); ibbak (-24.06); abba (-24.07)	9
u-ti-nu-i-na-i-d	utinuinaid	tsibbaru	-25.5357	tsibbaru (-25.54); ibbak (-27.16); abba (-27.18)	10
u-ti-nu-j	utinuj	aal	-17.4068	aal (-17.41); abba (-17.42); abbara (-17.63)	6
u-ti-nu-ja	utinuja	anaku	-18.426	anaku (-18.43); tsibbaru (-19.40); bau (-20.12)	7
u-ti-nu-ja-s	utinujas	ʃariut	-21.0062	ʃariut (-21.01); anaku (-21.93); tiut (-22.08)	8
u-ti-nu-ja-sa	utinujasa	ʃutu	-23.9076	ʃutu (-23.91); kutu (-23.92); anaku (-24.45)	9
u-ti-nu-ja-sa-s	utinujasas	antsi	-25.7877	antsi (-25.79); ʃariut (-26.74); tuuʃ (-26.90)	10
u-*56-e-tu	uΦetu	mete	-15.0531	mete (-15.05); siya (-15.30); mar (-15.58)	5
u-*56-e-tu-m	uΦetum	mete	-16.7011	mete (-16.70); yadda (-16.70); aa (-16.75)	6
u-*56-e-tu-me	uΦetume	mete	-20.1311	mete (-20.13); yadda (-20.19); aa (-20.25)	7
u-*56-e-tu-me-i	uΦetumei	meen	-23.4858	meen (-23.49); mete (-23.56); yadda (-23.67)	8
u-*56-e-tu-me-i-j	uΦetumeij	meen	-26.72	meen (-26.72); mete (-27.00); yadda (-27.14)	9
u-*56-e-tu-me-i-ja	uΦetumeija	mardu	-28.7975	mardu (-28.80); meen (-30.01); mete (-30.44)	10
wa-e-a-d	waead	dudu	-9.9677	dudu (-9.97); ɡuɡu (-9.97); du ka (-12.05)	5
wa-e-a-di	waeadi	ɡuɡu	-13.4477	ɡuɡu (-13.45); dudu (-13.45); du ka (-14.86)	6
wa-e-a-di-k	waeadik	du ka	-15.8598	du ka (-15.86); duliibbe (-16.73); dudu (-16.93)	7
wa-e-a-di-ki	waeadiki	du ka	-19.2943	du ka (-19.29); duliibbe (-19.59); dudu (-20.41)	8
wa-e-a-di-ki-t	waeadikit	duliibbe	-19.3944	duliibbe (-19.39); du ka (-21.71); abebe (-21.96)	9
wa-e-a-di-ki-te	waeadikite	duliibbe	-22.89	duliibbe (-22.89); du ka (-25.19); abebe (-25.46)	10
wa-i-ja	waija	dudu	-10.6151	dudu (-10.62); ɡuɡu (-10.62); du ka (-12.20)	5
wa-ja-a	wajaa	dudu	-9.9677	dudu (-9.97); ɡuɡu (-9.97); du ka (-12.05)	5
wa-ja-a-d	wajaad	dudu	-12.7385	dudu (-12.74); ɡuɡu (-12.74); du ka (-14.86)	6
wa-ja-a-di	wajaadi	ɡuɡu	-16.2283	ɡuɡu (-16.23); dudu (-16.23); du ka (-17.79)	7
wa-ja-a-di-k	wajaadik	du ka	-18.8371	du ka (-18.84); duliibbe (-19.65); ɡuɡu (-19.72)	8
wa-ja-a-di-ki	wajaadiki	du ka	-22.2812	du ka (-22.28); duliibbe (-22.57); dudu (-23.21)	9
wa-ja-a-di-ki-t	wajaadikit	duliibbe	-22.3637	duliibbe (-22.36); du ka (-24.75); ukkubati (-24.89)	10
wa-ja-a-j	wajaaj	dudu	-13.4477	dudu (-13.45); ɡuɡu (-13.45); du ka (-14.86)	6
wa-ja-a-ja	wajaaja	ɡuɡu	-16.0434	ɡuɡu (-16.04); dudu (-16.04); du ka (-17.83)	7
wa-ja-j	wajaj	dudu	-10.9371	dudu (-10.94); ɡuɡu (-10.94); du ka (-12.05)	5
wa-ja-ja	wajaja	dudu	-13.2007	dudu (-13.20); ɡuɡu (-13.20); du ka (-14.94)	6
wa-ja-ja-a	wajajaa	ɡuɡu	-15.9887	ɡuɡu (-15.99); dudu (-15.99); du ka (-17.92)	7
wa-ja-ja-d	wajajad	ɡuɡu	-15.9887	ɡuɡu (-15.99); dudu (-15.99); du ka (-17.92)	7
wa-ja-ja-di	wajajadi	ɡuɡu	-19.4825	ɡuɡu (-19.48); dudu (-19.48); du ka (-20.96)	8
wa-ja-ja-di-k	wajajadik	du ka	-22.0592	du ka (-22.06); duliibbe (-22.79); ɡuɡu (-22.98)	9
wa-ja-ja-di-ki	wajajadiki	du ka	-25.5134	du ka (-25.51); duliibbe (-25.79); ɡuɡu (-26.47)	10
wa-ja-ja-i	wajajai	ɡuɡu	-16.6869	ɡuɡu (-16.69); dudu (-16.69); du ka (-17.92)	7
wa-ja-ja-i-n	wajajain	dudu	-20.173	dudu (-20.17); ɡuɡu (-20.17); dunih (-20.58)	8
wa-ja-ja-i-n-w	wajajainw	dudu	-23.1788	dudu (-23.18); ɡuɡu (-23.18); dunih (-23.39)	9
wa-ja-ja-i-nwa	wajajainwa	ɡuɡu	-21.3158	ɡuɡu (-21.32); dudu (-21.32); duraʃ (-26.48)	10
wa-ja-ja-j	wajajaj	dudu	-16.6869	dudu (-16.69); ɡuɡu (-16.69); du ka (-17.92)	7
wa-ja-ja-ja	wajajaja	ɡuɡu	-19.336	ɡuɡu (-19.34); dudu (-19.34); du ka (-20.98)	8
wa-ja-ja-s	wajajas	duraʃ	-15.9482	duraʃ (-15.95); dumaʃ (-15.95); dudu (-16.69)	7
wa-ja-ja-sa	wajajasa	ɡuɡu	-19.336	ɡuɡu (-19.34); dudu (-19.34); dumaʃ (-19.45)	8
wa-ja-ja-sa-s	wajajasas	duraʃ	-21.9324	duraʃ (-21.93); dumaʃ (-21.93); tuuʃ (-22.41)	9
wa-ja-ja-sa-sa	wajajasasa	ʃutu	-22.3857	ʃutu (-22.39); duraʃ (-25.44); dumaʃ (-25.44)	10
wa-ja-s	wajas	duraʃ	-9.7632	duraʃ (-9.76); dumaʃ (-9.76); ɡuɡu (-10.94)	5
wa-ja-se	wajase	dumaʃ	-13.2677	dumaʃ (-13.27); duraʃ (-13.27); ɡuɡu (-14.40)	6
wa-ja-se-k	wajasek	du ka	-15.9757	du ka (-15.98); dumaʃ (-16.76); duraʃ (-16.76)	7
wa-ja-se-ka	wajaseka	du ka	-19.4194	du ka (-19.42); dudu (-19.82); ɡuɡu (-19.82)	8
wa-ja-se-ka-n	wajasekan	ʃutur	-20.5456	ʃutur (-20.55); kutun (-20.58); ʃutin (-21.23)	9
wa-ja-se-ka-na	wajasekana	duʃarama	-23.9929	duʃarama (-23.99); ʃutur (-24.05); kutun (-24.09)	10
wa-ja-t	wajat	du ka	-10.1523	du ka (-10.15); ɡuɡu (-10.94); dudu (-10.94)	5
wa-ja-tu	wajatu	du ka	-13.5395	du ka (-13.54); ɡuɡu (-14.40); dudu (-14.40)	6
wa-ja-tu-r	wajatur	du ka	-16.9049	du ka (-16.90); duma (-17.51); dudu (-17.85)	7
wa-ja-tu-ru	wajaturu	du ka	-20.2576	du ka (-20.26); duma (-20.71); dumaʃ (-21.26)	8
wa-ja-tu-ru-s	wajaturus	dumaʃ	-20.6818	dumaʃ (-20.68); duraʃ (-21.35); du ka (-23.60)	9
wa-ja-tu-ru-sa	wajaturusa	dumaʃ	-24.1815	dumaʃ (-24.18); duraʃ (-24.86); dudu (-26.56)	10
wa-za-*56	wazaΦ	ɡuɡu	-10.9371	ɡuɡu (-10.94); dudu (-10.94); duma (-11.08)	5
wa-za-*56-n	wazaΦn	eul	-12.5732	eul (-12.57); dunih (-13.96); duraʃ (-13.96)	6
wa-za-*56-ni	wazaΦni	eul	-16.0803	eul (-16.08); duraʃ (-16.77); dunih (-16.77)	7
za-*56-ni	zaΦni	eul	-9.0787	eul (-9.08); amni (-12.25); am (-12.98)	5
*301-ti-ja	Θtija	bau	-13.6856	bau (-13.69); abba (-14.21); buni (-14.67)	5
*301-ti-ja-s	Θtijas	tiut	-15.1715	tiut (-15.17); tuuʃ (-16.69); bau (-17.17)	6
*301-ti-ja-sa	Θtijasa	ʃutu	-17.2231	ʃutu (-17.22); kutu (-17.25); hasu (-18.62)	7
*301-ti-ja-sa-s	Θtijasas	tuuʃ	-20.0936	tuuʃ (-20.09); ʃutu (-20.41); tiut (-20.60)	8
*301-ti-ja-sa-sa	Θtijasasa	ʃutu	-18.8969	ʃutu (-18.90); kassu (-22.12); ʃutur (-22.28)	9
*301-ti-ja-sa-sa-r	Θtijasasar	ʃutu	-22.4031	ʃutu (-22.40); maʃuum (-23.90); ʃutur (-25.13)	10
*301-u-ti-n	Θutin	aal	-13.6889	aal (-13.69); aain (-13.90); atin (-13.94)	5
*301-u-ti-nu	Θutinu	aal	-17.1903	aal (-17.19); aain (-17.41); atin (-17.45)	6
*301-u-ti-nu-j	Θutinuj	aal	-20.6916	aal (-20.69); aain (-20.91); abba (-20.92)	7
*301-u-ti-nu-ja	Θutinuja	anaku	-21.9287	anaku (-21.93); tsibbaru (-22.21); bau (-23.58)	8
*301-u-ti-nu-ja-s	Θutinujas	ʃariut	-24.1168	ʃariut (-24.12); tiut (-25.24); anaku (-25.43)	9
*301-u-ti-nu-ja-sa	Θutinujasa	ʃutu	-27.2833	ʃutu (-27.28); kutu (-27.30); ʃariut (-27.62)	10
*301-wa-e-a	Θwaea	dudu	-10.9377	dudu (-10.94); ɡuɡu (-10.94); du ka (-12.89)	5
*301-wa-e-a-d	Θwaead	dudu	-13.4479	dudu (-13.45); ɡuɡu (-13.45); du ka (-15.55)	6
*301-wa-e-a-di	Θwaeadi	dudu	-16.9285	dudu (-16.93); ɡuɡu (-16.93); du ka (-18.37)	7
*301-wa-e-a-di-k	Θwaeadik	du ka	-19.367	du ka (-19.37); duliibbe (-20.24); ɡuɡu (-20.41)	8
*301-wa-e-a-di-ki	Θwaeadiki	du ka	-22.8015	du ka (-22.80); duliibbe (-23.10); ɡuɡu (-23.89)	9
*301-wa-e-a-di-ki-t	Θwaeadikit	duliibbe	-22.9015	duliibbe (-22.90); du ka (-25.22); abebe (-25.32)	10
*301-wa-ja	Θwaja	dudu	-10.9377	dudu (-10.94); ɡuɡu (-10.94); du ka (-12.89)	5
*301-wa-ja-a	Θwajaa	dudu	-13.4479	dudu (-13.45); ɡuɡu (-13.45); du ka (-15.55)	6
*301-wa-ja-a-d	Θwajaad	ɡuɡu	-16.2283	ɡuɡu (-16.23); dudu (-16.23); du ka (-18.37)	7
*301-wa-ja-a-di	Θwajaadi	dudu	-19.7185	dudu (-19.72); ɡuɡu (-19.72); du ka (-21.30)	8
*301-wa-ja-a-di-k	Θwajaadik	du ka	-22.3443	du ka (-22.34); duliibbe (-23.15); ɡuɡu (-23.21)	9
*301-wa-ja-a-di-ki	Θwajaadiki	du ka	-25.7884	du ka (-25.79); duliibbe (-26.08); dudu (-26.70)	10
*301-wa-ja-a-j	Θwajaaj	dudu	-16.9285	dudu (-16.93); ɡuɡu (-16.93); du ka (-18.37)	7
*301-wa-ja-a-ja	Θwajaaja	dudu	-19.5364	dudu (-19.54); ɡuɡu (-19.54); du ka (-21.34)	8
*301-wa-ja-j	Θwajaj	dudu	-14.3971	dudu (-14.40); ɡuɡu (-14.40); du ka (-15.56)	6
*301-wa-ja-ja	Θwajaja	dudu	-16.6872	dudu (-16.69); ɡuɡu (-16.69); du ka (-18.44)	7
*301-wa-ja-ja-a	Θwajajaa	dudu	-19.4825	dudu (-19.48); ɡuɡu (-19.48); du ka (-21.42)	8
*301-wa-ja-ja-d	Θwajajad	dudu	-19.4825	dudu (-19.48); ɡuɡu (-19.48); du ka (-21.42)	8
*301-wa-ja-ja-di	Θwajajadi	ɡuɡu	-22.9764	ɡuɡu (-22.98); dudu (-22.98); du ka (-24.46)	9
*301-wa-ja-ja-di-k	Θwajajadik	du ka	-25.5664	du ka (-25.57); duliibbe (-26.30); ɡuɡu (-26.47)	10
*301-wa-ja-ja-i	Θwajajai	ɡuɡu	-20.1739	ɡuɡu (-20.17); dudu (-20.17); du ka (-21.42)	8
*301-wa-ja-ja-i-n	Θwajajain	dudu	-23.6604	dudu (-23.66); ɡuɡu (-23.66); kidur (-24.03)	9
*301-wa-ja-ja-i-n-w	Θwajajainw	ɡuɡu	-26.674	ɡuɡu (-26.67); dudu (-26.67); dunih (-26.89)	10
*301-wa-ja-ja-j	Θwajajaj	dudu	-20.1739	dudu (-20.17); ɡuɡu (-20.17); du ka (-21.42)	8
*301-wa-ja-ja-ja	Θwajajaja	dudu	-22.8318	dudu (-22.83); ɡuɡu (-22.83); du ka (-24.49)	9
*301-wa-ja-ja-s	Θwajajas	duraʃ	-19.4554	duraʃ (-19.46); dumaʃ (-19.46); tuuʃ (-19.96)	8
*301-wa-ja-ja-sa	Θwajajasa	dudu	-22.8318	dudu (-22.83); ɡuɡu (-22.83); duraʃ (-22.96)	9
*301-wa-ja-ja-sa-s	Θwajajasas	duraʃ	-25.4396	duraʃ (-25.44); dumaʃ (-25.44); tuuʃ (-25.67)	10
*301-wa-ja-s	Θwajas	duraʃ	-13.2703	duraʃ (-13.27); dumaʃ (-13.27); tuuʃ (-14.19)	6
*301-wa-ja-se	Θwajase	duraʃ	-16.7749	duraʃ (-16.77); dumaʃ (-16.77); tuuʃ (-17.69)	7
*301-wa-ja-se-k	Θwajasek	du ka	-19.4829	du ka (-19.48); dumaʃ (-20.26); duraʃ (-20.26)	8
*301-wa-ja-se-ka	Θwajaseka	du ka	-22.9265	du ka (-22.93); dudu (-23.32); ɡuɡu (-23.32)	9
*301-wa-ja-se-ka-n	Θwajasekan	ʃutur	-23.7777	ʃutur (-23.78); kutun (-23.81); ʃutin (-24.46)	10
*301-wa-ja-t	Θwajat	du ka	-13.6594	du ka (-13.66); ɡuɡu (-14.40); dudu (-14.40)	6
*301-wa-ja-tu	Θwajatu	du ka	-17.0466	du ka (-17.05); ɡuɡu (-17.86); dudu (-17.86)	7
*301-wa-ja-tu-r	Θwajatur	du ka	-20.412	du ka (-20.41); duma (-21.01); dudu (-21.32)	8
*301-wa-ja-tu-ru	Θwajaturu	du ka	-23.7647	du ka (-23.76); duma (-24.21); dumaʃ (-24.77)	9
*301-wa-ja-tu-ru-s	Θwajaturus	dumaʃ	-24.189	dumaʃ (-24.19); duraʃ (-24.86); du ka (-27.11)	10
*56-e-tu-m	Φetum	yadda	-13.1958	yadda (-13.20); mete (-13.20); aa (-13.25)	5
*56-e-tu-me	Φetume	mete	-16.6268	mete (-16.63); yadda (-16.68); aa (-16.75)	6
*56-e-tu-me-i	Φetumei	meen	-19.9811	meen (-19.98); mete (-20.06); yadda (-20.16)	7
*56-e-tu-me-i-j	Φetumeij	meen	-23.2152	meen (-23.22); mete (-23.50); yadda (-23.64)	8
*56-e-tu-me-i-ja	Φetumeija	mardu	-25.2923	mardu (-25.29); meen (-26.51); mete (-26.94)	9
*56-e-tu-me-i-ja-s	Φetumeijas	tiut	-27.9203	tiut (-27.92); ʃimiut (-28.61); ʃariut (-28.77)	10
a-di-ki-te	adikite	abebe	-15.6125	abebe (-15.61); ukkubati (-16.84); abba (-17.56)	7
a-di-ki-te-te	adikitete	abebe	-21.8424	abebe (-21.84); ukkubati (-22.50); abba (-23.83)	9
a-na-ti-*301-wa-ja	anatiΘwaja	rapdu	-24.5938	rapdu (-24.59); uri (-26.59); ruku (-26.69)	10
a-sa-sa-ra	asasara	ʃutu	-11.2	ʃutu (-11.20); ʃutur (-13.96); utstsun (-15.86)	7
a-ta-i-*301-wa-e	ataiΘwae	dudu	-20.915	dudu (-20.91); ɡuɡu (-20.91); hidu (-22.13)	8
a-ta-i-*301-wa-ja	ataiΘwaja	ɡuɡu	-23.5204	ɡuɡu (-23.52); dudu (-23.52); hidu (-24.95)	9
da-ma-te	damate	aa	-16.7533	aa (-16.75); uri (-17.04); ukku (-17.06)	6
da-se-ra-te	daserate	ʃutu	-21.1633	ʃutu (-21.16); kutu (-21.28); huta (-21.96)	8
i-ja-re-di-ja	ijaredija	muru	-25.6737	muru (-25.67); bau (-25.85); buni (-26.09)	9
i-na-i-da	inaida	ruku	-13.4756	ruku (-13.48); bau (-15.53); buni (-15.84)	6
i-na-ja-re-ta	inajareta	numi	-19.9907	numi (-19.99); rum (-22.12); bau (-23.07)	9
i-pi-na-ma	ipinama	bau	-15.3824	bau (-15.38); buni (-17.15); bela (-17.41)	7
ja-di-ki-tu	jadikitu	abebe	-18.8419	abebe (-18.84); ukkubati (-20.33); abba (-20.82)	8
ja-i-nwa-za	jainwaza	bau	-19.5793	bau (-19.58); uri (-19.59); hindu (-19.84)	8
ja-sa-sa	jasasa	ʃutu	-8.3837	ʃutu (-8.38); ʃutur (-11.77); kutu (-13.06)	6
ja-sa-sa-ra	jasasara	ʃutu	-14.7049	ʃutu (-14.70); ʃutur (-17.46); maʃuum (-19.19)	8
ja-sa-sa-ra-ma	jasasarama	ʃutu	-21.312	ʃutu (-21.31); ʃutur (-23.68); tuʃʃuip (-23.96)	10
ja-sa-sa-ra-me	jasasarame	ʃutu	-21.7191	ʃutu (-21.72); ʃutur (-23.80); tuʃʃuip (-24.00)	10
ja-sa-u-na-ka-na-si	jasaunakanasi	tuuʃ	-31.146	tuuʃ (-31.15); ʃariut (-31.56); uriʃ (-32.91)	13
ja-ta-i-*301-u-ja	jataiΘuja	ukku	-26.692	ukku (-26.69); bau (-26.93); abba (-27.66)	9
ja-wa-*56	jawaΦ	dudu	-11.0623	dudu (-11.06); ɡuɡu (-11.06); duma (-12.13)	5
pi-te-ri	piteri	qamban	-12.9344	qamban (-12.93); kam (-12.98); ki (-15.39)	6
re-i-ke	reike	bera	-14.2596	bera (-14.26); bali (-14.26); bela (-14.26)	5
ri-da-u	ridau	muru	-12.5087	muru (-12.51); buni (-13.05); bau (-13.49)	5
sa-ra-me	sarame	sukma	-13.2702	sukma (-13.27); tuuʃ (-14.15); ʃutu (-14.40)	6
sa-sa-ra-me	sasarame	ʃutu	-14.7093	ʃutu (-14.71); ʃutur (-16.79); tuʃʃuip (-17.48)	8
se-ka-na-si	sekanasi	tuuʃ	-15.3897	tuuʃ (-15.39); tiut (-15.39); ʃariut (-15.77)	8
se-to-i-ja	setoija	ʃam	-16.488	ʃam (-16.49); tibbe (-17.67); ʃebe (-17.74)	7
si-ru-te	sirute	ʃebe	-15.197	ʃebe (-15.20); tibbe (-15.24); ʃami (-15.53)	6
ta-na-i-*301-ti	tanaiΘti	uri	-19.5847	uri (-19.58); eul (-19.60); abebe (-20.05)	8
ta-na-i-*301-u-ti-nu	tanaiΘutinu	purur	-28.671	purur (-28.67); innain (-28.93); annain (-28.93)	11
ta-na-ra-te-u-ti-nu	tanarateutinu	innain	-33.6074	innain (-33.61); annain (-33.61); numi (-34.01)	13
tu-me-i	tumei	aa	-13.2525	aa (-13.25); abba (-14.37); ayak (-14.63)	5
tu-ru-sa	turusa	hasu	-15.6753	hasu (-15.68); pitu (-15.68); ʃutu (-16.35)	6
u-na-ka	unaka	ruku	-10.9886	ruku (-10.99); ni (-11.89); numi (-12.11)	5
u-na-ka-na	unakana	luluki	-14.6704	luluki (-14.67); ruelpa (-15.34); nan (-15.40)	7
u-na-ka-na-si	unakanasi	luluki	-20.5607	luluki (-20.56); ruelpa (-21.64); nahunte (-21.87)	9
u-na-ru-ka-ja-si	unarukajasi	numi	-27.6858	numi (-27.69); ʃimiut (-29.29); ʃariut (-29.29)	11
u-na-ru-ka-na-si	unarukanasi	muru	-26.9966	muru (-27.00); luluki (-27.57); numi (-27.68)	11
u-na-ru-ka-na-ti	unarukanati	luluki	-26.2034	luluki (-26.20); muru (-27.00); numi (-27.00)	11
u-ti-nu	utinu	aal	-13.9069	aal (-13.91); aain (-14.20); abba (-14.21)	5
*56-ni-wi	Φniwi	rabba	-13.6518	rabba (-13.65); mardu (-14.20); mur (-14.90)	5
